delivery_id,po_number,mode_id,actual_delivery_date,quantity_received,actual_shipping_cost
DEL-50000,PO-10000,M02,2025-03-31,509,421.25
DEL-50001,PO-10001,M01,2025-06-10,835,635.52
DEL-50002,PO-10002,M04,2025-11-03,637,878.06
DEL-50003,PO-10003,M04,2025-02-22,508,884.95
DEL-50004,PO-10004,M03,2025-05-03,666,1170.22
DEL-50005,PO-10005,M01,2025-03-01,444,374.08
DEL-50006,PO-10006,M03,2025-12-19,234,172.48
DEL-50007,PO-10007,M04,2025-11-09,806,558.97
DEL-50008,PO-10008,M04,2025-12-06,182,170.52
DEL-50009,PO-10009,M04,2025-05-26,987,826.22
DEL-50010,PO-10010,M03,2026-01-03,504,327.69
DEL-50011,PO-10011,M02,2025-09-15,847,2418.83
DEL-50012,PO-10012,M04,2025-07-22,810,1380.7
DEL-50013,PO-10013,M03,2025-08-22,948,1628.64
DEL-50014,PO-10014,M01,2025-10-31,601,566.26
DEL-50015,PO-10015,M03,2025-05-14,643,798.99
DEL-50016,PO-10016,M04,2025-05-06,415,607.25
DEL-50017,PO-10017,M01,2025-09-17,619,881.95
DEL-50018,PO-10018,M01,2025-10-18,185,306.12
DEL-50019,PO-10019,M03,2026-01-19,454,526.9
DEL-50020,PO-10020,M04,2025-08-06,862,1065.23
DEL-50021,PO-10021,M03,2025-06-06,231,418.8
DEL-50022,PO-10022,M03,2025-12-07,70,88.67
DEL-50023,PO-10023,M02,2025-07-09,880,885.31
DEL-50024,PO-10024,M02,2025-08-21,897,2482.09
DEL-50025,PO-10025,M02,2025-11-22,621,642.25
DEL-50026,PO-10026,M02,2025-08-31,689,1337.27
DEL-50027,PO-10027,M03,2025-07-06,222,439.22
DEL-50028,PO-10028,M01,2025-06-22,84,131.6
DEL-50029,PO-10029,M03,2025-11-19,802,566.67
DEL-50030,PO-10030,M03,2025-07-01,480,255.84
DEL-50031,PO-10031,M02,2025-04-23,272,226.3
DEL-50032,PO-10032,M03,2025-09-16,926,1743.25
DEL-50033,PO-10033,M01,2025-07-27,432,252.56
DEL-50034,PO-10034,M04,2025-05-07,277,278.19
DEL-50035,PO-10035,M02,2025-11-29,537,775.47
DEL-50036,PO-10036,M04,2025-03-05,344,626.4
DEL-50037,PO-10037,M02,2025-10-22,290,376.49
DEL-50038,PO-10038,M02,2025-10-31,962,879.27
DEL-50039,PO-10039,M01,2025-05-08,98,124.82
DEL-50040,PO-10040,M03,2025-04-29,687,497.57
DEL-50041,PO-10041,M03,2025-05-06,510,845.69
DEL-50042,PO-10042,M02,2025-04-11,278,598.13
DEL-50043,PO-10043,M02,2025-07-23,702,535.25
DEL-50044,PO-10044,M03,2025-05-14,148,110.66
DEL-50045,PO-10045,M01,2025-01-15,749,1412.64
DEL-50046,PO-10046,M04,2025-05-21,918,1144.67
DEL-50047,PO-10047,M03,2025-09-03,777,593.99
DEL-50048,PO-10048,M02,2025-03-05,108,121.0
DEL-50049,PO-10049,M02,2026-01-02,841,532.81
DEL-50050,PO-10050,M01,2025-09-06,56,39.24
DEL-50051,PO-10051,M03,2025-09-06,380,1271.9
DEL-50052,PO-10052,M02,2025-05-23,256,498.51
DEL-50053,PO-10053,M03,2025-06-01,475,304.85
DEL-50054,PO-10054,M02,2025-03-25,883,973.08
DEL-50055,PO-10055,M04,2025-07-06,948,1472.02
DEL-50056,PO-10056,M01,2025-09-04,363,609.11
DEL-50057,PO-10057,M03,2025-06-21,433,235.91
DEL-50058,PO-10058,M01,2025-07-31,231,179.53
DEL-50059,PO-10059,M01,2025-09-24,325,313.18
DEL-50060,PO-10060,M01,2025-12-13,108,205.09
DEL-50061,PO-10061,M02,2025-08-17,874,667.07
DEL-50062,PO-10062,M04,2025-07-10,215,587.54
DEL-50063,PO-10063,M04,2025-05-18,757,1319.53
DEL-50064,PO-10064,M03,2025-09-30,574,887.64
DEL-50065,PO-10065,M04,2025-11-27,520,390.28
DEL-50066,PO-10066,M04,2025-10-28,920,571.22
DEL-50067,PO-10067,M03,2025-12-16,54,73.41
DEL-50068,PO-10068,M03,2025-04-20,775,963.53
DEL-50069,PO-10069,M01,2025-08-04,651,333.54
DEL-50070,PO-10070,M03,2025-09-21,969,993.09
DEL-50071,PO-10071,M02,2025-06-06,502,1308.51
DEL-50072,PO-10072,M03,2025-04-30,118,277.23
DEL-50073,PO-10073,M02,2025-08-05,121,150.99
DEL-50074,PO-10074,M04,2025-05-11,836,1336.82
DEL-50075,PO-10075,M02,2025-07-19,351,348.14
DEL-50076,PO-10076,M02,2025-12-06,410,350.09
DEL-50077,PO-10077,M01,2026-01-04,734,2424.21
DEL-50078,PO-10078,M01,2025-10-24,525,1224.78
DEL-50079,PO-10079,M01,2025-06-24,253,553.02
DEL-50080,PO-10080,M02,2025-09-30,101,194.04
DEL-50081,PO-10081,M03,2025-12-27,369,684.01
DEL-50082,PO-10082,M01,2025-06-07,742,1250.76
DEL-50083,PO-10083,M04,2025-06-12,771,719.6
DEL-50084,PO-10084,M03,2026-01-08,904,517.63
DEL-50085,PO-10085,M02,2025-08-03,372,557.17
DEL-50086,PO-10086,M04,2025-12-13,217,207.07
DEL-50087,PO-10087,M03,2025-05-25,709,1465.79
DEL-50088,PO-10088,M03,2025-02-19,683,997.13
DEL-50089,PO-10089,M01,2025-12-27,317,607.07
DEL-50090,PO-10090,M02,2026-01-27,193,601.12
DEL-50091,PO-10091,M03,2025-05-22,361,1224.06
DEL-50092,PO-10092,M03,2025-10-24,128,149.88
DEL-50093,PO-10093,M02,2025-06-17,883,1886.88
DEL-50094,PO-10094,M01,2025-11-21,297,274.6
DEL-50095,PO-10095,M04,2025-04-21,531,645.11
DEL-50096,PO-10096,M02,2025-10-07,94,176.02
DEL-50097,PO-10097,M03,2025-10-03,731,1014.89
DEL-50098,PO-10098,M03,2025-06-20,773,970.32
DEL-50099,PO-10099,M03,2025-12-20,961,1295.98
DEL-50100,PO-10100,M01,2025-05-31,303,388.46
DEL-50101,PO-10101,M01,2025-04-03,198,353.93
DEL-50102,PO-10102,M02,2025-01-13,57,54.24
DEL-50103,PO-10103,M03,2025-11-28,625,806.51
DEL-50104,PO-10104,M02,2025-09-17,637,682.71
DEL-50105,PO-10105,M03,2025-06-12,510,768.25
DEL-50106,PO-10106,M03,2025-02-26,853,1272.74
DEL-50107,PO-10107,M03,2025-06-30,429,349.17
DEL-50108,PO-10108,M02,2025-01-27,91,175.42
DEL-50109,PO-10109,M02,2025-09-02,535,634.93
DEL-50110,PO-10110,M04,2025-04-25,478,545.23
DEL-50111,PO-10111,M01,2025-06-14,131,215.59
DEL-50112,PO-10112,M03,2025-11-28,858,1666.55
DEL-50113,PO-10113,M02,2025-08-07,359,557.54
DEL-50114,PO-10114,M02,2025-05-26,888,1183.53
DEL-50115,PO-10115,M03,2025-06-30,640,639.25
DEL-50116,PO-10116,M02,2025-03-11,115,372.57
DEL-50117,PO-10117,M01,2025-05-18,912,717.3
DEL-50118,PO-10118,M01,2025-06-27,269,151.15
DEL-50119,PO-10119,M04,2025-05-04,596,1120.78
DEL-50120,PO-10120,M03,2025-04-08,85,137.49
DEL-50121,PO-10121,M01,2025-05-01,61,97.37
DEL-50122,PO-10122,M03,2025-04-27,854,1640.85
DEL-50123,PO-10123,M01,2025-12-26,935,954.38
DEL-50124,PO-10124,M01,2025-09-29,738,476.49
DEL-50125,PO-10125,M02,2025-08-21,830,482.82
DEL-50126,PO-10126,M01,2025-05-23,932,1782.11
DEL-50127,PO-10127,M04,2025-05-07,438,249.95
DEL-50128,PO-10128,M03,2025-07-01,638,427.63
DEL-50129,PO-10129,M01,2025-12-22,662,633.48
DEL-50130,PO-10130,M01,2025-12-27,785,412.27
DEL-50131,PO-10131,M04,2025-07-29,755,1125.74
DEL-50132,PO-10132,M01,2025-11-26,661,872.56
DEL-50133,PO-10133,M04,2025-06-28,781,1875.01
DEL-50134,PO-10134,M02,2025-08-20,90,125.38
DEL-50135,PO-10135,M03,2025-07-06,153,262.49
DEL-50136,PO-10136,M03,2025-06-27,782,680.87
DEL-50137,PO-10137,M02,2025-04-03,445,976.52
DEL-50138,PO-10138,M01,2025-10-30,647,557.57
DEL-50139,PO-10139,M02,2025-10-23,805,909.29
DEL-50140,PO-10140,M02,2025-11-14,277,250.09
DEL-50141,PO-10141,M02,2025-06-04,841,1139.12
DEL-50142,PO-10142,M02,2025-08-08,622,472.04
DEL-50143,PO-10143,M01,2025-05-23,616,1228.64
DEL-50144,PO-10144,M02,2025-03-01,206,129.87
DEL-50145,PO-10145,M02,2025-07-09,177,304.52
DEL-50146,PO-10146,M02,2025-02-23,841,2373.12
DEL-50147,PO-10147,M04,2025-09-07,348,643.35
DEL-50148,PO-10148,M01,2025-06-20,490,347.48
DEL-50149,PO-10149,M02,2025-02-15,154,181.54
DEL-50150,PO-10150,M03,2025-09-03,509,975.39
DEL-50151,PO-10151,M04,2026-01-16,463,736.79
DEL-50152,PO-10152,M04,2025-03-11,69,43.77
DEL-50153,PO-10153,M01,2025-10-12,126,193.63
DEL-50154,PO-10154,M01,2025-11-05,840,1561.79
DEL-50155,PO-10155,M03,2025-02-22,632,478.36
DEL-50156,PO-10156,M03,2025-09-09,701,698.33
DEL-50157,PO-10157,M02,2025-10-15,584,832.03
DEL-50158,PO-10158,M01,2025-10-23,717,1050.0
DEL-50159,PO-10159,M03,2025-04-14,264,164.32
DEL-50160,PO-10160,M01,2025-11-05,148,145.39
DEL-50161,PO-10161,M01,2025-11-30,841,2198.79
DEL-50162,PO-10162,M02,2025-11-10,775,1310.89
DEL-50163,PO-10163,M01,2025-06-19,194,201.39
DEL-50164,PO-10164,M03,2025-01-22,66,39.28
DEL-50165,PO-10165,M01,2025-02-17,615,400.74
DEL-50166,PO-10166,M02,2025-07-25,721,865.67
DEL-50167,PO-10167,M04,2025-03-14,805,939.76
DEL-50168,PO-10168,M03,2025-02-10,712,849.66
DEL-50169,PO-10169,M04,2025-07-07,947,1769.97
DEL-50170,PO-10170,M02,2025-09-04,430,1404.13
DEL-50171,PO-10171,M02,2025-07-01,729,364.79
DEL-50172,PO-10172,M04,2025-03-14,655,837.73
DEL-50173,PO-10173,M01,2025-01-13,537,894.7
DEL-50174,PO-10174,M04,2025-04-28,90,161.2
DEL-50175,PO-10175,M01,2025-09-08,469,417.76
DEL-50176,PO-10176,M03,2025-02-28,351,360.6
DEL-50177,PO-10177,M04,2025-10-25,366,390.42
DEL-50178,PO-10178,M01,2026-01-16,688,1134.28
DEL-50179,PO-10179,M01,2025-11-19,104,96.13
DEL-50180,PO-10180,M01,2025-07-12,494,484.1
DEL-50181,PO-10181,M02,2025-05-01,593,665.74
DEL-50182,PO-10182,M03,2025-05-03,692,896.9
DEL-50183,PO-10183,M01,2025-07-30,565,432.09
DEL-50184,PO-10184,M02,2025-05-13,708,819.76
DEL-50185,PO-10185,M02,2025-08-11,460,458.38
DEL-50186,PO-10186,M04,2025-10-05,466,761.98
DEL-50187,PO-10187,M02,2025-07-09,595,532.06
DEL-50188,PO-10188,M04,2025-10-10,422,518.96
DEL-50189,PO-10189,M03,2025-12-10,916,804.98
DEL-50190,PO-10190,M02,2025-05-16,750,387.16
DEL-50191,PO-10191,M04,2025-02-13,515,785.34
DEL-50192,PO-10192,M03,2025-10-23,695,365.1
DEL-50193,PO-10193,M02,2025-09-03,914,2083.69
DEL-50194,PO-10194,M02,2025-03-15,73,93.99
DEL-50195,PO-10195,M01,2025-03-13,695,1309.89
DEL-50196,PO-10196,M01,2025-12-13,169,328.42
DEL-50197,PO-10197,M02,2026-01-02,450,406.79
DEL-50198,PO-10198,M03,2025-07-03,273,205.47
DEL-50199,PO-10199,M03,2025-11-05,648,373.02
DEL-50200,PO-10200,M02,2025-05-19,529,968.29
DEL-50201,PO-10201,M01,2025-11-01,383,440.95
DEL-50202,PO-10202,M04,2026-01-02,235,279.78
DEL-50203,PO-10203,M03,2025-06-09,247,282.66
DEL-50204,PO-10204,M01,2025-06-01,77,81.86
DEL-50205,PO-10205,M03,2025-06-16,307,285.86
DEL-50206,PO-10206,M03,2025-10-08,513,822.99
DEL-50207,PO-10207,M04,2025-04-30,833,725.09
DEL-50208,PO-10208,M04,2025-11-28,155,176.7
DEL-50209,PO-10209,M03,2025-09-12,826,1054.22
DEL-50210,PO-10210,M04,2025-07-18,877,614.41
DEL-50211,PO-10211,M02,2025-02-19,174,469.0
DEL-50212,PO-10212,M01,2025-07-13,922,1160.49
DEL-50213,PO-10213,M04,2025-09-23,594,2088.13
DEL-50214,PO-10214,M01,2025-02-05,64,53.8
DEL-50215,PO-10215,M04,2026-01-06,198,375.74
DEL-50216,PO-10216,M03,2025-12-01,693,969.91
DEL-50217,PO-10217,M04,2025-02-12,698,1109.99
DEL-50218,PO-10218,M01,2025-12-02,365,544.33
DEL-50219,PO-10219,M01,2025-11-19,65,72.39
DEL-50220,PO-10220,M03,2025-02-28,568,453.36
DEL-50221,PO-10221,M03,2025-07-07,438,1141.91
DEL-50222,PO-10222,M03,2025-02-08,858,468.41
DEL-50223,PO-10223,M02,2025-12-11,480,300.22
DEL-50224,PO-10224,M01,2025-10-26,543,312.33
DEL-50225,PO-10225,M04,2025-06-12,273,199.96
DEL-50226,PO-10226,M02,2025-06-17,99,105.43
DEL-50227,PO-10227,M04,2025-04-25,58,52.37
DEL-50228,PO-10228,M04,2025-12-30,810,1734.46
DEL-50229,PO-10229,M01,2025-12-05,799,1088.35
DEL-50230,PO-10230,M01,2025-10-22,508,966.81
DEL-50231,PO-10231,M04,2025-09-01,322,276.79
DEL-50232,PO-10232,M03,2026-01-01,425,738.29
DEL-50233,PO-10233,M02,2025-03-17,834,1142.61
DEL-50234,PO-10234,M02,2025-06-09,670,1114.6
DEL-50235,PO-10235,M01,2025-07-19,214,256.87
DEL-50236,PO-10236,M04,2025-03-17,997,1637.18
DEL-50237,PO-10237,M04,2025-08-03,807,501.57
DEL-50238,PO-10238,M03,2025-05-20,88,96.5
DEL-50239,PO-10239,M03,2025-07-10,790,975.89
DEL-50240,PO-10240,M01,2025-12-01,463,815.28
DEL-50241,PO-10241,M04,2025-03-08,614,713.42
DEL-50242,PO-10242,M04,2025-12-28,939,2471.48
DEL-50243,PO-10243,M04,2025-11-06,685,486.69
DEL-50244,PO-10244,M01,2025-07-26,892,1649.08
DEL-50245,PO-10245,M03,2025-07-11,279,185.97
DEL-50246,PO-10246,M04,2025-12-14,844,1616.59
DEL-50247,PO-10247,M01,2025-10-15,77,117.48
DEL-50248,PO-10248,M04,2025-03-20,472,569.49
DEL-50249,PO-10249,M03,2025-05-16,429,501.98
DEL-50250,PO-10250,M02,2025-10-12,561,968.02
DEL-50251,PO-10251,M03,2025-03-23,297,578.4
DEL-50252,PO-10252,M04,2025-03-24,111,114.98
DEL-50253,PO-10253,M04,2025-05-17,751,675.77
DEL-50254,PO-10254,M03,2025-01-26,253,156.59
DEL-50255,PO-10255,M03,2025-05-03,694,1051.22
DEL-50256,PO-10256,M01,2025-07-29,641,641.29
DEL-50257,PO-10257,M03,2025-10-13,548,835.53
DEL-50258,PO-10258,M01,2026-01-31,99,147.07
DEL-50259,PO-10259,M03,2026-01-04,603,827.99
DEL-50260,PO-10260,M04,2025-03-07,420,819.46
DEL-50261,PO-10261,M03,2026-01-05,626,635.22
DEL-50262,PO-10262,M02,2025-12-03,477,741.14
DEL-50263,PO-10263,M01,2025-11-12,567,475.81
DEL-50264,PO-10264,M04,2025-06-20,873,735.33
DEL-50265,PO-10265,M03,2025-10-11,400,563.18
DEL-50266,PO-10266,M01,2025-05-30,972,905.88
DEL-50267,PO-10267,M02,2025-04-28,809,1348.36
DEL-50268,PO-10268,M01,2025-06-24,934,1408.29
DEL-50269,PO-10269,M02,2025-06-01,807,1193.01
DEL-50270,PO-10270,M02,2025-06-04,87,111.94
DEL-50271,PO-10271,M04,2025-05-18,579,379.28
DEL-50272,PO-10272,M02,2025-11-21,266,391.5
DEL-50273,PO-10273,M01,2025-10-12,165,163.69
DEL-50274,PO-10274,M02,2025-04-13,812,1063.08
DEL-50275,PO-10275,M02,2025-03-22,61,111.65
DEL-50276,PO-10276,M03,2025-12-27,575,686.16
DEL-50277,PO-10277,M03,2025-09-02,752,1067.68
DEL-50278,PO-10278,M03,2025-05-16,642,917.54
DEL-50279,PO-10279,M04,2025-12-07,902,558.05
DEL-50280,PO-10280,M02,2025-10-29,70,91.87
DEL-50281,PO-10281,M02,2025-05-26,412,602.31
DEL-50282,PO-10282,M04,2025-05-20,334,300.28
DEL-50283,PO-10283,M01,2025-03-08,64,92.74
DEL-50284,PO-10284,M01,2025-05-10,766,892.75
DEL-50285,PO-10285,M01,2025-02-03,111,151.1
DEL-50286,PO-10286,M01,2025-09-13,438,1245.79
DEL-50287,PO-10287,M04,2025-11-07,574,758.93
DEL-50288,PO-10288,M04,2025-04-14,303,412.76
DEL-50289,PO-10289,M01,2025-06-01,100,164.92
DEL-50290,PO-10290,M02,2025-06-08,523,702.97
DEL-50291,PO-10291,M02,2025-03-06,192,135.67
DEL-50292,PO-10292,M02,2025-05-07,182,238.01
DEL-50293,PO-10293,M03,2025-09-13,904,1368.16
DEL-50294,PO-10294,M01,2025-10-15,178,233.09
DEL-50295,PO-10295,M04,2025-07-25,309,190.32
DEL-50296,PO-10296,M02,2025-08-09,889,902.43
DEL-50297,PO-10297,M04,2025-03-16,64,125.98
DEL-50298,PO-10298,M03,2025-11-03,366,277.21
DEL-50299,PO-10299,M03,2026-01-15,258,492.55
DEL-50300,PO-10300,M03,2025-09-27,768,462.37
DEL-50301,PO-10301,M01,2025-04-08,127,241.56
DEL-50302,PO-10302,M04,2025-06-30,615,1640.42
DEL-50303,PO-10303,M04,2025-06-18,496,844.03
DEL-50304,PO-10304,M04,2025-04-13,924,1493.06
DEL-50305,PO-10305,M04,2025-07-26,92,174.53
DEL-50306,PO-10306,M01,2025-11-03,92,158.01
DEL-50307,PO-10307,M01,2025-08-23,561,931.63
DEL-50308,PO-10308,M01,2025-04-01,779,1087.01
DEL-50309,PO-10309,M04,2025-03-09,273,466.01
DEL-50310,PO-10310,M03,2025-05-09,967,1084.58
DEL-50311,PO-10311,M02,2025-09-03,429,813.26
DEL-50312,PO-10312,M04,2025-08-03,617,818.06
DEL-50313,PO-10313,M02,2025-08-19,626,1241.5
DEL-50314,PO-10314,M04,2025-12-16,628,1155.36
DEL-50315,PO-10315,M04,2025-02-23,998,1233.76
DEL-50316,PO-10316,M02,2025-04-17,652,744.5
DEL-50317,PO-10317,M01,2025-11-06,712,1156.6
DEL-50318,PO-10318,M04,2025-09-27,195,163.95
DEL-50319,PO-10319,M03,2025-09-05,753,828.36
DEL-50320,PO-10320,M01,2026-01-10,351,689.33
DEL-50321,PO-10321,M02,2025-02-16,682,558.19
DEL-50322,PO-10322,M02,2025-09-24,138,215.92
DEL-50323,PO-10323,M03,2025-02-04,145,228.26
DEL-50324,PO-10324,M01,2025-09-13,437,219.93
DEL-50325,PO-10325,M04,2025-12-19,463,396.74
DEL-50326,PO-10326,M03,2025-04-28,763,1193.92
DEL-50327,PO-10327,M02,2025-10-28,690,944.85
DEL-50328,PO-10328,M03,2025-07-24,706,685.85
DEL-50329,PO-10329,M01,2025-08-21,524,888.93
DEL-50330,PO-10330,M03,2025-10-04,794,1542.0
DEL-50331,PO-10331,M01,2025-06-10,987,1702.59
DEL-50332,PO-10332,M03,2025-04-16,604,1090.59
DEL-50333,PO-10333,M01,2025-09-24,475,266.83
DEL-50334,PO-10334,M02,2025-12-16,457,286.93
DEL-50335,PO-10335,M01,2025-01-14,864,494.7
DEL-50336,PO-10336,M04,2025-02-06,879,1095.45
DEL-50337,PO-10337,M03,2025-10-23,265,508.58
DEL-50338,PO-10338,M03,2025-12-29,562,1426.36
DEL-50339,PO-10339,M03,2025-09-26,412,525.15
DEL-50340,PO-10340,M02,2025-10-17,698,367.32
DEL-50341,PO-10341,M03,2025-06-26,824,1664.74
DEL-50342,PO-10342,M01,2025-12-27,985,1818.71
DEL-50343,PO-10343,M04,2025-06-29,320,542.77
DEL-50344,PO-10344,M02,2025-07-22,371,662.47
DEL-50345,PO-10345,M02,2025-07-04,395,289.78
DEL-50346,PO-10346,M02,2025-02-28,249,339.02
DEL-50347,PO-10347,M03,2025-07-04,531,354.01
DEL-50348,PO-10348,M02,2025-05-14,686,1168.5
DEL-50349,PO-10349,M01,2025-10-21,496,844.84
DEL-50350,PO-10350,M03,2025-12-08,601,731.86
DEL-50351,PO-10351,M01,2025-03-30,803,542.07
DEL-50352,PO-10352,M01,2025-07-04,468,255.7
DEL-50353,PO-10353,M04,2025-12-04,909,1600.39
DEL-50354,PO-10354,M04,2025-02-26,315,252.04
DEL-50355,PO-10355,M03,2025-03-03,700,465.43
DEL-50356,PO-10356,M04,2025-10-31,855,1012.78
DEL-50357,PO-10357,M03,2025-02-15,823,867.51
DEL-50358,PO-10358,M02,2025-04-15,630,1210.49
DEL-50359,PO-10359,M03,2025-11-18,798,1371.33
DEL-50360,PO-10360,M01,2025-10-02,113,107.84
DEL-50361,PO-10361,M01,2025-09-28,473,752.6
DEL-50362,PO-10362,M04,2025-02-13,706,943.99
DEL-50363,PO-10363,M03,2025-08-19,449,855.24
DEL-50364,PO-10364,M04,2025-12-15,103,157.56
DEL-50365,PO-10365,M04,2025-05-04,523,977.81
DEL-50366,PO-10366,M01,2025-10-19,594,910.5
DEL-50367,PO-10367,M02,2025-04-15,518,402.6
DEL-50368,PO-10368,M03,2025-04-24,521,397.72
DEL-50369,PO-10369,M01,2025-05-15,431,665.72
DEL-50370,PO-10370,M02,2025-05-05,548,462.62
DEL-50371,PO-10371,M04,2025-08-02,326,402.01
DEL-50372,PO-10372,M02,2025-12-07,242,418.52
DEL-50373,PO-10373,M04,2025-05-26,834,1335.98
DEL-50374,PO-10374,M04,2025-04-11,181,175.59
DEL-50375,PO-10375,M01,2025-08-29,91,108.94
DEL-50376,PO-10376,M03,2025-11-06,938,1442.28
DEL-50377,PO-10377,M03,2025-09-30,772,703.35
DEL-50378,PO-10378,M02,2025-07-11,835,705.45
DEL-50379,PO-10379,M02,2026-01-12,168,269.68
DEL-50380,PO-10380,M03,2025-07-31,794,1499.33
DEL-50381,PO-10381,M03,2025-09-02,458,590.49
DEL-50382,PO-10382,M02,2025-07-28,299,548.35
DEL-50383,PO-10383,M01,2025-04-27,477,522.81
DEL-50384,PO-10384,M04,2025-02-20,442,751.24
DEL-50385,PO-10385,M04,2025-04-30,351,314.6
DEL-50386,PO-10386,M02,2025-06-20,324,361.07
DEL-50387,PO-10387,M01,2025-07-10,234,309.38
DEL-50388,PO-10388,M01,2025-08-07,277,604.89
DEL-50389,PO-10389,M01,2025-08-29,273,207.23
DEL-50390,PO-10390,M04,2025-02-11,888,1077.29
DEL-50391,PO-10391,M02,2025-10-12,743,1433.05
DEL-50392,PO-10392,M03,2025-07-23,226,338.51
DEL-50393,PO-10393,M02,2025-02-01,855,688.09
DEL-50394,PO-10394,M02,2025-10-31,110,65.88
DEL-50395,PO-10395,M02,2025-09-14,187,109.49
DEL-50396,PO-10396,M03,2026-01-28,598,1037.22
DEL-50397,PO-10397,M03,2026-01-12,313,165.98
DEL-50398,PO-10398,M04,2025-11-04,585,544.27
DEL-50399,PO-10399,M03,2025-11-01,729,1173.18
DEL-50400,PO-10400,M02,2025-04-05,913,1575.75
DEL-50401,PO-10401,M02,2025-04-11,438,392.75
DEL-50402,PO-10402,M01,2025-08-12,587,925.75
DEL-50403,PO-10403,M01,2025-12-25,995,1327.61
DEL-50404,PO-10404,M02,2025-07-21,529,325.34
DEL-50405,PO-10405,M02,2025-02-14,97,112.99
DEL-50406,PO-10406,M02,2025-07-14,670,1176.12
DEL-50407,PO-10407,M03,2025-05-09,145,238.52
DEL-50408,PO-10408,M01,2025-08-31,171,288.03
DEL-50409,PO-10409,M02,2025-04-12,878,1443.22
DEL-50410,PO-10410,M04,2025-10-28,796,1405.31
DEL-50411,PO-10411,M02,2025-10-22,180,176.66
DEL-50412,PO-10412,M01,2025-08-05,867,536.25
DEL-50413,PO-10413,M04,2025-09-08,604,755.05
DEL-50414,PO-10414,M01,2025-03-11,790,638.02
DEL-50415,PO-10415,M04,2025-12-26,107,135.04
DEL-50416,PO-10416,M02,2025-06-09,633,960.7
DEL-50417,PO-10417,M02,2025-04-10,659,549.8
DEL-50418,PO-10418,M01,2025-04-23,340,241.94
DEL-50419,PO-10419,M04,2025-02-24,163,166.68
DEL-50420,PO-10420,M01,2025-03-06,601,1007.19
DEL-50421,PO-10421,M02,2025-06-24,83,94.19
DEL-50422,PO-10422,M02,2025-06-18,289,576.84
DEL-50423,PO-10423,M03,2025-03-11,281,522.98
DEL-50424,PO-10424,M04,2025-02-22,426,734.02
DEL-50425,PO-10425,M04,2025-05-07,413,329.92
DEL-50426,PO-10426,M03,2025-07-12,575,960.2
DEL-50427,PO-10427,M02,2025-02-23,492,717.43
DEL-50428,PO-10428,M03,2025-07-22,620,533.3
DEL-50429,PO-10429,M02,2025-09-01,642,919.9
DEL-50430,PO-10430,M02,2025-05-19,134,173.27
DEL-50431,PO-10431,M02,2025-05-25,836,1603.16
DEL-50432,PO-10432,M01,2025-07-07,800,1204.16
DEL-50433,PO-10433,M01,2025-08-18,927,1168.26
DEL-50434,PO-10434,M03,2025-08-27,109,114.31
DEL-50435,PO-10435,M02,2025-08-29,530,702.34
DEL-50436,PO-10436,M04,2025-12-22,622,633.94
DEL-50437,PO-10437,M01,2025-07-04,771,1340.37
DEL-50438,PO-10438,M01,2025-09-20,641,664.61
DEL-50439,PO-10439,M01,2025-03-27,245,216.07
DEL-50440,PO-10440,M04,2025-02-08,952,564.27
DEL-50441,PO-10441,M03,2025-04-07,654,927.87
DEL-50442,PO-10442,M03,2025-09-20,408,571.43
DEL-50443,PO-10443,M04,2025-09-13,840,771.93
DEL-50444,PO-10444,M01,2025-01-29,612,434.67
DEL-50445,PO-10445,M01,2025-07-03,374,260.37
DEL-50446,PO-10446,M04,2025-06-17,641,482.12
DEL-50447,PO-10447,M02,2025-07-05,265,299.05
DEL-50448,PO-10448,M01,2025-07-09,59,114.65
DEL-50449,PO-10449,M03,2025-10-21,62,117.41
DEL-50450,PO-10450,M03,2025-05-29,453,528.59
DEL-50451,PO-10451,M02,2025-08-04,453,816.24
DEL-50452,PO-10452,M01,2025-01-18,340,636.81
DEL-50453,PO-10453,M02,2025-03-02,360,364.97
DEL-50454,PO-10454,M04,2025-07-16,311,164.25
DEL-50455,PO-10455,M02,2025-12-16,893,1998.92
DEL-50456,PO-10456,M03,2025-06-07,574,315.48
DEL-50457,PO-10457,M01,2026-02-08,204,113.57
DEL-50458,PO-10458,M03,2025-12-07,147,159.24
DEL-50459,PO-10459,M01,2025-12-29,101,155.09
DEL-50460,PO-10460,M03,2025-06-14,333,487.28
DEL-50461,PO-10461,M04,2025-12-03,711,1234.22
DEL-50462,PO-10462,M04,2025-08-22,660,998.63
DEL-50463,PO-10463,M01,2025-11-19,335,270.28
DEL-50464,PO-10464,M03,2025-05-27,159,171.59
DEL-50465,PO-10465,M03,2025-11-22,146,144.11
DEL-50466,PO-10466,M01,2025-04-06,329,458.93
DEL-50467,PO-10467,M01,2025-10-01,731,693.99
DEL-50468,PO-10468,M03,2025-10-20,940,562.52
DEL-50469,PO-10469,M04,2026-02-05,86,170.29
DEL-50470,PO-10470,M04,2025-07-30,67,105.28
DEL-50471,PO-10471,M02,2025-06-28,739,547.98
DEL-50472,PO-10472,M03,2025-04-25,541,1021.06
DEL-50473,PO-10473,M03,2025-08-01,172,99.8
DEL-50474,PO-10474,M02,2026-01-14,942,1119.16
DEL-50475,PO-10475,M04,2025-02-23,893,1175.95
DEL-50476,PO-10476,M01,2025-02-24,806,1547.64
DEL-50477,PO-10477,M04,2025-06-07,867,698.5
DEL-50478,PO-10478,M03,2025-07-15,505,851.79
DEL-50479,PO-10479,M02,2025-06-16,315,214.12
DEL-50480,PO-10480,M04,2025-09-15,529,1414.94
DEL-50481,PO-10481,M02,2025-08-19,722,1162.33
DEL-50482,PO-10482,M01,2025-05-16,427,451.04
DEL-50483,PO-10483,M02,2025-03-19,162,307.7
DEL-50484,PO-10484,M01,2025-06-05,245,213.38
DEL-50485,PO-10485,M03,2025-11-19,541,1071.67
DEL-50486,PO-10486,M02,2026-01-19,481,655.22
DEL-50487,PO-10487,M02,2025-01-26,610,766.11
DEL-50488,PO-10488,M02,2025-12-25,89,181.23
DEL-50489,PO-10489,M03,2025-07-22,188,260.07
DEL-50490,PO-10490,M02,2025-08-05,68,35.08
DEL-50491,PO-10491,M03,2025-11-28,50,73.04
DEL-50492,PO-10492,M02,2025-05-03,72,82.91
DEL-50493,PO-10493,M03,2025-06-19,742,799.26
DEL-50494,PO-10494,M03,2025-03-13,76,149.33
DEL-50495,PO-10495,M04,2025-03-12,421,638.55
DEL-50496,PO-10496,M01,2025-07-16,664,656.06
DEL-50497,PO-10497,M02,2025-06-30,616,1063.11
DEL-50498,PO-10498,M03,2025-07-17,932,1050.69
DEL-50499,PO-10499,M03,2025-12-02,350,229.46
DEL-50500,PO-10500,M02,2025-11-06,868,1428.06
DEL-50501,PO-10501,M04,2025-06-24,600,730.2
DEL-50502,PO-10502,M03,2025-04-01,918,1427.42
DEL-50503,PO-10503,M03,2025-08-24,549,810.94
DEL-50504,PO-10504,M03,2025-08-02,441,352.54
DEL-50505,PO-10505,M04,2025-09-28,406,252.63
DEL-50506,PO-10506,M01,2025-09-07,890,1232.19
DEL-50507,PO-10507,M01,2025-06-25,456,757.84
DEL-50508,PO-10508,M03,2025-09-08,195,380.14
DEL-50509,PO-10509,M02,2025-06-11,935,1731.22
DEL-50510,PO-10510,M02,2025-02-02,420,237.54
DEL-50511,PO-10511,M02,2025-03-20,82,162.02
DEL-50512,PO-10512,M04,2025-09-03,633,636.15
DEL-50513,PO-10513,M04,2025-11-22,890,1154.24
DEL-50514,PO-10514,M01,2025-02-09,732,554.03
DEL-50515,PO-10515,M03,2025-06-05,483,414.56
DEL-50516,PO-10516,M01,2025-01-17,626,1118.39
DEL-50517,PO-10517,M03,2025-03-20,270,476.27
DEL-50518,PO-10518,M02,2025-09-26,166,269.91
DEL-50519,PO-10519,M03,2025-06-07,804,476.34
DEL-50520,PO-10520,M02,2025-01-23,67,62.49
DEL-50521,PO-10521,M01,2025-12-22,321,603.63
DEL-50522,PO-10522,M04,2025-08-28,388,570.71
DEL-50523,PO-10523,M04,2025-10-13,791,898.57
DEL-50524,PO-10524,M02,2026-01-24,862,1188.61
DEL-50525,PO-10525,M02,2025-06-30,735,1115.68
DEL-50526,PO-10526,M01,2025-02-03,58,30.5
DEL-50527,PO-10527,M03,2025-05-16,938,1678.94
DEL-50528,PO-10528,M02,2025-12-20,960,1740.57
DEL-50529,PO-10529,M02,2025-07-01,256,218.14
DEL-50530,PO-10530,M04,2025-04-17,77,132.18
DEL-50531,PO-10531,M04,2025-05-31,818,987.7
DEL-50532,PO-10532,M04,2025-07-21,357,475.63
DEL-50533,PO-10533,M02,2025-11-30,792,680.43
DEL-50534,PO-10534,M04,2025-07-25,767,1507.62
DEL-50535,PO-10535,M01,2025-02-28,849,896.68
DEL-50536,PO-10536,M03,2025-09-01,870,1457.41
DEL-50537,PO-10537,M04,2026-01-07,344,235.95
DEL-50538,PO-10538,M04,2025-02-23,592,582.09
DEL-50539,PO-10539,M01,2025-08-30,354,642.68
DEL-50540,PO-10540,M02,2025-08-10,783,1332.65
DEL-50541,PO-10541,M01,2025-06-04,205,127.32
DEL-50542,PO-10542,M03,2025-08-05,320,408.45
DEL-50543,PO-10543,M04,2025-08-08,500,569.81
DEL-50544,PO-10544,M03,2025-08-30,896,512.72
DEL-50545,PO-10545,M01,2025-09-24,446,356.5
DEL-50546,PO-10546,M04,2025-02-26,176,242.54
DEL-50547,PO-10547,M03,2025-02-24,885,882.1
DEL-50548,PO-10548,M03,2025-09-30,765,1252.73
DEL-50549,PO-10549,M04,2025-04-13,534,958.83
DEL-50550,PO-10550,M01,2025-09-30,972,1711.97
DEL-50551,PO-10551,M04,2025-07-26,316,315.24
DEL-50552,PO-10552,M01,2025-11-09,449,634.44
DEL-50553,PO-10553,M04,2025-01-26,400,512.6
DEL-50554,PO-10554,M03,2025-12-07,136,148.61
DEL-50555,PO-10555,M04,2025-10-28,543,649.37
DEL-50556,PO-10556,M03,2025-09-20,884,1539.45
DEL-50557,PO-10557,M03,2025-10-08,700,885.26
DEL-50558,PO-10558,M02,2026-01-07,712,1067.39
DEL-50559,PO-10559,M03,2025-01-31,978,1490.38
DEL-50560,PO-10560,M01,2025-05-21,742,521.94
DEL-50561,PO-10561,M02,2025-10-26,421,769.85
DEL-50562,PO-10562,M02,2025-03-29,727,970.53
DEL-50563,PO-10563,M03,2025-06-16,834,1047.27
DEL-50564,PO-10564,M01,2025-09-11,769,1213.78
DEL-50565,PO-10565,M03,2025-09-03,550,597.87
DEL-50566,PO-10566,M01,2025-07-09,400,367.49
DEL-50567,PO-10567,M02,2025-10-08,216,242.11
DEL-50568,PO-10568,M01,2025-12-18,52,81.23
DEL-50569,PO-10569,M01,2025-11-01,983,684.73
DEL-50570,PO-10570,M03,2025-03-22,266,397.07
DEL-50571,PO-10571,M03,2025-08-11,396,700.7
DEL-50572,PO-10572,M02,2026-01-08,290,461.66
DEL-50573,PO-10573,M02,2025-12-06,177,136.56
DEL-50574,PO-10574,M02,2025-10-26,418,709.1
DEL-50575,PO-10575,M03,2025-07-16,768,1498.65
DEL-50576,PO-10576,M03,2025-04-25,93,75.47
DEL-50577,PO-10577,M04,2025-05-14,408,496.28
DEL-50578,PO-10578,M04,2025-05-19,220,467.63
DEL-50579,PO-10579,M01,2025-11-24,276,206.72
DEL-50580,PO-10580,M02,2025-01-23,930,1225.02
DEL-50581,PO-10581,M01,2025-07-28,865,859.31
DEL-50582,PO-10582,M01,2026-01-23,340,257.19
DEL-50583,PO-10583,M01,2025-05-27,728,1113.27
DEL-50584,PO-10584,M01,2026-01-05,300,451.47
DEL-50585,PO-10585,M01,2025-10-10,570,1047.81
DEL-50586,PO-10586,M01,2025-02-13,418,383.36
DEL-50587,PO-10587,M02,2025-03-18,121,195.03
DEL-50588,PO-10588,M01,2025-06-20,570,882.33
DEL-50589,PO-10589,M04,2025-07-30,68,72.27
DEL-50590,PO-10590,M01,2025-03-31,718,1024.86
DEL-50591,PO-10591,M02,2025-06-25,105,116.13
DEL-50592,PO-10592,M04,2025-04-17,882,812.99
DEL-50593,PO-10593,M01,2025-03-28,306,363.86
DEL-50594,PO-10594,M03,2025-01-10,979,1257.85
DEL-50595,PO-10595,M03,2025-03-01,120,129.78
DEL-50596,PO-10596,M02,2025-07-15,186,192.0
DEL-50597,PO-10597,M03,2025-08-16,778,600.16
DEL-50598,PO-10598,M02,2025-10-24,432,345.21
DEL-50599,PO-10599,M01,2025-11-18,745,520.99
DEL-50600,PO-10600,M01,2025-03-15,337,426.5
DEL-50601,PO-10601,M02,2025-12-26,666,1037.64
DEL-50602,PO-10602,M03,2025-04-25,729,1023.4
DEL-50603,PO-10603,M04,2025-04-06,152,229.89
DEL-50604,PO-10604,M02,2025-03-08,807,793.15
DEL-50605,PO-10605,M01,2025-06-22,80,49.27
DEL-50606,PO-10606,M01,2025-09-25,512,581.06
DEL-50607,PO-10607,M04,2025-07-03,85,106.24
DEL-50608,PO-10608,M03,2025-05-12,60,106.72
DEL-50609,PO-10609,M04,2025-10-11,370,327.56
DEL-50610,PO-10610,M04,2025-11-21,159,118.06
DEL-50611,PO-10611,M02,2025-10-19,170,180.72
DEL-50612,PO-10612,M03,2025-03-05,641,383.12
DEL-50613,PO-10613,M03,2025-08-31,906,1523.49
DEL-50614,PO-10614,M01,2025-09-04,464,318.39
DEL-50615,PO-10615,M04,2025-09-28,963,1479.12
DEL-50616,PO-10616,M02,2025-11-27,943,740.13
DEL-50617,PO-10617,M04,2025-05-08,480,754.29
DEL-50618,PO-10618,M01,2025-09-20,399,239.44
DEL-50619,PO-10619,M02,2025-11-28,729,865.5
DEL-50620,PO-10620,M01,2025-08-27,816,867.54
DEL-50621,PO-10621,M03,2025-08-27,167,437.29
DEL-50622,PO-10622,M02,2025-12-26,268,322.07
DEL-50623,PO-10623,M04,2025-03-18,580,683.09
DEL-50624,PO-10624,M01,2025-04-05,766,1412.67
DEL-50625,PO-10625,M03,2025-05-12,564,923.7
DEL-50626,PO-10626,M03,2025-08-06,905,1458.53
DEL-50627,PO-10627,M03,2025-09-18,482,686.2
DEL-50628,PO-10628,M02,2025-09-17,588,1068.33
DEL-50629,PO-10629,M04,2025-11-08,123,197.94
DEL-50630,PO-10630,M03,2025-12-03,770,953.24
DEL-50631,PO-10631,M04,2025-05-13,428,658.94
DEL-50632,PO-10632,M01,2025-12-24,406,1298.61
DEL-50633,PO-10633,M02,2025-10-26,645,1869.02
DEL-50634,PO-10634,M01,2025-12-12,489,647.2
DEL-50635,PO-10635,M02,2025-12-29,74,95.37
DEL-50636,PO-10636,M01,2025-11-22,230,199.64
DEL-50637,PO-10637,M04,2025-09-29,855,732.91
DEL-50638,PO-10638,M04,2025-06-22,560,722.77
DEL-50639,PO-10639,M03,2025-12-19,429,875.89
DEL-50640,PO-10640,M03,2025-02-11,657,1107.5
DEL-50641,PO-10641,M01,2025-09-20,910,790.82
DEL-50642,PO-10642,M04,2025-05-05,752,1358.22
DEL-50643,PO-10643,M04,2025-03-10,707,612.18
DEL-50644,PO-10644,M01,2025-04-09,660,1056.46
DEL-50645,PO-10645,M01,2025-05-23,305,547.06
DEL-50646,PO-10646,M03,2025-11-03,670,1044.06
DEL-50647,PO-10647,M04,2025-05-31,412,819.65
DEL-50648,PO-10648,M01,2025-07-25,152,114.54
DEL-50649,PO-10649,M02,2025-12-17,923,905.82
DEL-50650,PO-10650,M04,2025-10-28,57,104.69
DEL-50651,PO-10651,M01,2025-12-14,932,1060.29
DEL-50652,PO-10652,M01,2025-03-22,500,1115.46
DEL-50653,PO-10653,M02,2025-02-28,531,1008.3
DEL-50654,PO-10654,M04,2025-10-12,525,391.96
DEL-50655,PO-10655,M02,2025-03-10,622,431.67
DEL-50656,PO-10656,M02,2025-08-05,863,1348.82
DEL-50657,PO-10657,M02,2025-05-29,469,729.4
DEL-50658,PO-10658,M02,2025-09-04,965,880.85
DEL-50659,PO-10659,M02,2025-03-13,910,1671.0
DEL-50660,PO-10660,M04,2025-09-14,72,200.22
DEL-50661,PO-10661,M01,2025-05-18,667,1303.68
DEL-50662,PO-10662,M03,2025-09-29,750,1316.19
DEL-50663,PO-10663,M04,2025-06-12,501,305.1
DEL-50664,PO-10664,M02,2025-07-25,473,931.21
DEL-50665,PO-10665,M03,2025-12-14,131,139.67
DEL-50666,PO-10666,M03,2025-04-12,185,269.19
DEL-50667,PO-10667,M01,2025-01-26,646,343.86
DEL-50668,PO-10668,M01,2026-01-06,142,265.83
DEL-50669,PO-10669,M01,2025-07-13,209,177.58
DEL-50670,PO-10670,M01,2025-10-29,606,1673.9
DEL-50671,PO-10671,M03,2025-08-04,710,553.85
DEL-50672,PO-10672,M01,2026-01-08,247,357.71
DEL-50673,PO-10673,M03,2025-07-28,995,1055.93
DEL-50674,PO-10674,M04,2025-06-18,882,447.23
DEL-50675,PO-10675,M03,2025-04-22,594,800.15
DEL-50676,PO-10676,M03,2025-07-02,121,176.89
DEL-50677,PO-10677,M02,2025-03-14,839,554.53
DEL-50678,PO-10678,M03,2025-05-13,896,1217.62
DEL-50679,PO-10679,M01,2025-03-16,571,1414.57
DEL-50680,PO-10680,M03,2025-10-20,468,247.5
DEL-50681,PO-10681,M01,2025-01-28,237,138.71
DEL-50682,PO-10682,M01,2025-04-16,678,635.28
DEL-50683,PO-10683,M01,2025-07-15,216,198.62
DEL-50684,PO-10684,M01,2025-12-04,872,465.93
DEL-50685,PO-10685,M04,2025-02-08,410,299.53
DEL-50686,PO-10686,M04,2025-12-12,945,1682.65
DEL-50687,PO-10687,M02,2025-01-20,140,181.22
DEL-50688,PO-10688,M04,2025-06-07,133,375.34
DEL-50689,PO-10689,M04,2025-09-14,794,702.37
DEL-50690,PO-10690,M01,2025-02-03,143,275.71
DEL-50691,PO-10691,M02,2025-12-24,491,429.32
DEL-50692,PO-10692,M03,2025-03-09,592,873.9
DEL-50693,PO-10693,M04,2025-03-01,291,317.22
DEL-50694,PO-10694,M01,2025-04-06,958,1634.67
DEL-50695,PO-10695,M03,2025-08-31,997,864.87
DEL-50696,PO-10696,M03,2025-11-08,457,745.94
DEL-50697,PO-10697,M01,2025-04-08,867,995.49
DEL-50698,PO-10698,M01,2025-10-23,304,445.66
DEL-50699,PO-10699,M02,2025-09-30,580,1411.78
DEL-50700,PO-10700,M01,2025-03-10,446,889.87
DEL-50701,PO-10701,M01,2025-05-30,475,356.48
DEL-50702,PO-10702,M02,2025-08-14,148,172.5
DEL-50703,PO-10703,M02,2025-09-09,885,795.95
DEL-50704,PO-10704,M03,2025-03-23,303,446.76
DEL-50705,PO-10705,M02,2026-01-06,147,105.57
DEL-50706,PO-10706,M04,2025-05-20,296,532.13
DEL-50707,PO-10707,M04,2025-12-13,67,118.17
DEL-50708,PO-10708,M01,2025-03-06,945,1493.62
DEL-50709,PO-10709,M03,2025-03-17,296,220.15
DEL-50710,PO-10710,M02,2025-12-28,495,315.84
DEL-50711,PO-10711,M02,2025-02-14,68,133.24
DEL-50712,PO-10712,M01,2025-11-03,168,93.44
DEL-50713,PO-10713,M04,2025-10-05,570,741.39
DEL-50714,PO-10714,M01,2025-02-02,197,182.74
DEL-50715,PO-10715,M03,2025-05-18,476,1073.66
DEL-50716,PO-10716,M04,2026-01-21,549,314.63
DEL-50717,PO-10717,M01,2025-09-19,629,665.2
DEL-50718,PO-10718,M04,2025-07-20,382,311.64
DEL-50719,PO-10719,M04,2025-08-16,823,673.06
DEL-50720,PO-10720,M02,2025-11-10,547,1097.53
DEL-50721,PO-10721,M02,2025-05-21,502,322.08
DEL-50722,PO-10722,M03,2025-03-13,68,115.54
DEL-50723,PO-10723,M03,2025-08-27,376,597.96
DEL-50724,PO-10724,M02,2025-02-15,152,141.79
DEL-50725,PO-10725,M03,2025-02-17,761,1213.88
DEL-50726,PO-10726,M03,2025-04-19,143,169.97
DEL-50727,PO-10727,M04,2025-08-31,152,249.75
DEL-50728,PO-10728,M01,2026-01-22,814,890.93
DEL-50729,PO-10729,M01,2025-06-15,992,549.75
DEL-50730,PO-10730,M03,2025-02-14,203,275.0
DEL-50731,PO-10731,M03,2025-07-30,96,130.19
DEL-50732,PO-10732,M04,2025-11-19,836,822.32
DEL-50733,PO-10733,M04,2025-01-16,388,628.32
DEL-50734,PO-10734,M02,2025-01-11,314,230.06
DEL-50735,PO-10735,M01,2025-05-14,251,483.46
DEL-50736,PO-10736,M04,2025-09-08,732,754.18
DEL-50737,PO-10737,M01,2026-01-21,178,200.46
DEL-50738,PO-10738,M04,2025-09-17,580,425.35
DEL-50739,PO-10739,M02,2025-10-19,937,895.73
DEL-50740,PO-10740,M02,2025-10-31,861,1014.46
DEL-50741,PO-10741,M03,2025-09-04,349,676.45
DEL-50742,PO-10742,M02,2025-01-24,362,381.42
DEL-50743,PO-10743,M04,2025-08-09,61,81.7
DEL-50744,PO-10744,M02,2025-05-06,382,474.59
DEL-50745,PO-10745,M01,2025-02-15,899,1562.96
DEL-50746,PO-10746,M03,2025-08-17,100,181.53
DEL-50747,PO-10747,M02,2025-02-26,785,1500.36
DEL-50748,PO-10748,M02,2025-10-21,85,141.44
DEL-50749,PO-10749,M03,2025-09-01,499,610.17
DEL-50750,PO-10750,M02,2025-04-15,968,1353.12
DEL-50751,PO-10751,M03,2025-06-11,605,816.46
DEL-50752,PO-10752,M04,2025-11-07,466,655.9
DEL-50753,PO-10753,M02,2025-02-04,936,961.62
DEL-50754,PO-10754,M04,2025-06-02,304,528.31
DEL-50755,PO-10755,M01,2025-02-02,668,1063.19
DEL-50756,PO-10756,M01,2025-08-22,230,400.76
DEL-50757,PO-10757,M01,2025-02-09,268,201.41
DEL-50758,PO-10758,M01,2025-03-24,703,1092.53
DEL-50759,PO-10759,M04,2025-04-08,330,346.16
DEL-50760,PO-10760,M02,2025-09-08,857,1239.0
DEL-50761,PO-10761,M01,2025-05-05,155,217.12
DEL-50762,PO-10762,M02,2025-06-07,289,714.03
DEL-50763,PO-10763,M04,2025-05-03,287,510.78
DEL-50764,PO-10764,M01,2025-08-31,703,1709.66
DEL-50765,PO-10765,M04,2025-05-14,206,160.36
DEL-50766,PO-10766,M01,2025-02-21,946,723.93
DEL-50767,PO-10767,M04,2025-04-28,245,635.04
DEL-50768,PO-10768,M02,2025-10-03,399,760.21
DEL-50769,PO-10769,M02,2025-09-06,425,269.13
DEL-50770,PO-10770,M02,2025-05-02,767,1438.52
DEL-50771,PO-10771,M04,2025-03-04,111,209.74
DEL-50772,PO-10772,M04,2025-04-25,985,973.08
DEL-50773,PO-10773,M01,2025-01-29,507,828.86
DEL-50774,PO-10774,M03,2025-07-19,408,791.92
DEL-50775,PO-10775,M03,2025-10-19,319,482.94
DEL-50776,PO-10776,M01,2025-12-12,703,1206.03
DEL-50777,PO-10777,M03,2025-09-12,856,904.7
DEL-50778,PO-10778,M04,2025-12-12,985,1129.26
DEL-50779,PO-10779,M02,2026-01-19,660,430.71
DEL-50780,PO-10780,M01,2025-09-17,763,1119.88
DEL-50781,PO-10781,M04,2025-10-25,194,388.91
DEL-50782,PO-10782,M04,2025-06-24,676,1192.51
DEL-50783,PO-10783,M03,2025-10-17,539,842.15
DEL-50784,PO-10784,M02,2025-08-04,604,443.03
DEL-50785,PO-10785,M03,2025-04-08,613,888.13
DEL-50786,PO-10786,M02,2025-05-05,656,918.73
DEL-50787,PO-10787,M02,2025-01-16,730,814.99
DEL-50788,PO-10788,M01,2026-01-19,883,1461.84
DEL-50789,PO-10789,M01,2025-12-17,74,99.46
DEL-50790,PO-10790,M02,2025-12-12,870,1243.01
DEL-50791,PO-10791,M04,2026-01-03,369,492.9
DEL-50792,PO-10792,M01,2025-04-23,404,276.09
DEL-50793,PO-10793,M02,2025-06-13,758,690.6
DEL-50794,PO-10794,M04,2025-11-16,652,470.72
DEL-50795,PO-10795,M04,2025-05-31,282,267.35
DEL-50796,PO-10796,M01,2025-09-16,929,1595.43
DEL-50797,PO-10797,M03,2025-09-16,285,567.34
DEL-50798,PO-10798,M02,2025-02-14,316,386.96
DEL-50799,PO-10799,M03,2025-02-20,667,1247.58
DEL-50800,PO-10800,M02,2025-09-17,596,1186.44
DEL-50801,PO-10801,M02,2025-02-26,747,1350.64
DEL-50802,PO-10802,M03,2025-09-03,183,105.96
DEL-50803,PO-10803,M02,2025-01-30,932,511.5
DEL-50804,PO-10804,M03,2025-12-24,235,128.66
DEL-50805,PO-10805,M02,2025-08-25,174,171.3
DEL-50806,PO-10806,M02,2025-04-08,67,118.69
DEL-50807,PO-10807,M03,2025-01-21,749,766.79
DEL-50808,PO-10808,M04,2025-12-14,177,132.32
DEL-50809,PO-10809,M04,2025-05-28,385,278.28
DEL-50810,PO-10810,M01,2025-05-07,889,513.88
DEL-50811,PO-10811,M04,2025-04-26,108,151.03
DEL-50812,PO-10812,M01,2025-03-23,693,1035.54
DEL-50813,PO-10813,M04,2025-08-04,634,1171.08
DEL-50814,PO-10814,M01,2025-12-22,880,471.39
DEL-50815,PO-10815,M02,2025-07-31,671,1211.52
DEL-50816,PO-10816,M03,2025-02-13,824,1607.12
DEL-50817,PO-10817,M02,2025-07-13,421,627.44
DEL-50818,PO-10818,M01,2025-11-14,473,1582.05
DEL-50819,PO-10819,M02,2025-06-05,286,509.8
DEL-50820,PO-10820,M01,2025-12-24,367,458.62
DEL-50821,PO-10821,M04,2025-05-20,146,230.28
DEL-50822,PO-10822,M02,2025-12-10,258,174.25
DEL-50823,PO-10823,M03,2025-10-11,421,821.68
DEL-50824,PO-10824,M03,2025-08-21,616,1073.46
DEL-50825,PO-10825,M04,2025-09-07,307,588.8
DEL-50826,PO-10826,M01,2025-02-16,710,1177.88
DEL-50827,PO-10827,M01,2025-06-01,365,477.8
DEL-50828,PO-10828,M03,2025-06-05,76,117.09
DEL-50829,PO-10829,M02,2025-03-09,454,1047.88
DEL-50830,PO-10830,M01,2025-01-24,139,167.11
DEL-50831,PO-10831,M03,2025-04-17,235,277.66
DEL-50832,PO-10832,M03,2025-06-15,291,540.74
DEL-50833,PO-10833,M03,2025-12-06,199,259.28
DEL-50834,PO-10834,M02,2025-03-03,108,70.49
DEL-50835,PO-10835,M02,2025-10-28,898,1792.78
DEL-50836,PO-10836,M04,2025-05-31,777,1107.96
DEL-50837,PO-10837,M02,2026-01-08,820,688.65
DEL-50838,PO-10838,M02,2025-12-21,330,309.69
DEL-50839,PO-10839,M02,2025-09-25,647,870.35
DEL-50840,PO-10840,M03,2025-06-26,88,132.42
DEL-50841,PO-10841,M01,2025-07-10,307,399.95
DEL-50842,PO-10842,M01,2025-01-26,218,156.15
DEL-50843,PO-10843,M03,2025-10-15,686,480.29
DEL-50844,PO-10844,M03,2025-06-19,163,262.72
DEL-50845,PO-10845,M03,2025-06-27,357,485.05
DEL-50846,PO-10846,M03,2025-02-05,121,243.42
DEL-50847,PO-10847,M03,2025-07-02,88,103.75
DEL-50848,PO-10848,M03,2025-05-24,991,1528.99
DEL-50849,PO-10849,M03,2025-04-06,680,620.32
DEL-50850,PO-10850,M01,2025-12-02,917,779.69
DEL-50851,PO-10851,M01,2025-11-22,587,851.56
DEL-50852,PO-10852,M03,2025-04-28,516,1012.46
DEL-50853,PO-10853,M01,2025-12-07,630,828.07
DEL-50854,PO-10854,M03,2025-10-27,392,929.37
DEL-50855,PO-10855,M03,2025-10-13,257,163.13
DEL-50856,PO-10856,M01,2025-02-21,47,66.63
DEL-50857,PO-10857,M01,2025-04-15,397,484.1
DEL-50858,PO-10858,M03,2025-05-04,463,721.52
DEL-50859,PO-10859,M01,2025-11-25,591,803.41
DEL-50860,PO-10860,M01,2025-03-31,713,1236.81
DEL-50861,PO-10861,M03,2025-12-01,142,202.79
DEL-50862,PO-10862,M03,2025-09-12,859,473.02
DEL-50863,PO-10863,M03,2025-12-17,393,722.78
DEL-50864,PO-10864,M04,2025-05-29,988,2642.11
DEL-50865,PO-10865,M02,2025-04-09,213,416.45
DEL-50866,PO-10866,M01,2025-03-05,268,230.35
DEL-50867,PO-10867,M04,2025-01-16,938,793.73
DEL-50868,PO-10868,M01,2025-11-08,533,414.78
DEL-50869,PO-10869,M01,2025-12-01,217,527.82
DEL-50870,PO-10870,M03,2025-03-28,902,782.26
DEL-50871,PO-10871,M03,2025-12-19,176,315.07
DEL-50872,PO-10872,M03,2025-12-23,614,1377.27
DEL-50873,PO-10873,M01,2025-12-17,213,155.35
DEL-50874,PO-10874,M02,2025-10-24,554,689.12
DEL-50875,PO-10875,M01,2026-01-17,483,822.54
DEL-50876,PO-10876,M02,2025-09-03,878,1620.36
DEL-50877,PO-10877,M01,2025-10-08,559,472.44
DEL-50878,PO-10878,M01,2025-11-22,831,838.65
DEL-50879,PO-10879,M01,2025-11-04,519,881.78
DEL-50880,PO-10880,M01,2025-10-27,569,285.07
DEL-50881,PO-10881,M01,2025-08-20,847,1176.3
DEL-50882,PO-10882,M02,2025-07-10,181,226.98
DEL-50883,PO-10883,M01,2025-01-20,402,477.06
DEL-50884,PO-10884,M01,2025-12-15,679,1074.37
DEL-50885,PO-10885,M02,2025-04-15,787,1360.7
DEL-50886,PO-10886,M04,2025-03-26,362,434.34
DEL-50887,PO-10887,M01,2025-06-04,689,836.96
DEL-50888,PO-10888,M03,2025-04-18,639,340.93
DEL-50889,PO-10889,M03,2025-09-28,118,135.82
DEL-50890,PO-10890,M02,2025-02-25,182,194.24
DEL-50891,PO-10891,M02,2025-04-23,701,420.09
DEL-50892,PO-10892,M01,2025-11-20,142,149.63
DEL-50893,PO-10893,M03,2025-12-09,733,1230.76
DEL-50894,PO-10894,M02,2025-10-31,440,830.65
DEL-50895,PO-10895,M03,2025-04-23,162,264.99
DEL-50896,PO-10896,M02,2025-01-26,390,464.63
DEL-50897,PO-10897,M01,2025-11-10,371,718.42
DEL-50898,PO-10898,M03,2025-07-15,139,222.78
DEL-50899,PO-10899,M03,2025-05-23,667,765.81
DEL-50900,PO-10900,M02,2026-01-03,808,794.01
DEL-50901,PO-10901,M04,2025-02-13,804,1020.55
DEL-50902,PO-10902,M01,2025-03-31,903,1164.52
DEL-50903,PO-10903,M01,2025-06-18,183,223.27
DEL-50904,PO-10904,M03,2025-06-28,434,399.38
DEL-50905,PO-10905,M04,2025-06-11,494,450.11
DEL-50906,PO-10906,M04,2025-09-18,537,565.68
DEL-50907,PO-10907,M04,2025-11-28,749,1243.06
DEL-50908,PO-10908,M04,2025-04-30,386,222.13
DEL-50909,PO-10909,M01,2025-05-09,74,61.66
DEL-50910,PO-10910,M03,2025-02-16,179,306.2
DEL-50911,PO-10911,M04,2025-07-27,427,752.36
DEL-50912,PO-10912,M04,2025-06-06,843,926.92
DEL-50913,PO-10913,M03,2025-04-03,491,639.14
DEL-50914,PO-10914,M01,2025-07-17,582,1034.17
DEL-50915,PO-10915,M02,2025-02-24,578,1121.57
DEL-50916,PO-10916,M01,2025-01-25,656,805.61
DEL-50917,PO-10917,M03,2025-04-28,79,85.07
DEL-50918,PO-10918,M01,2025-06-21,285,149.63
DEL-50919,PO-10919,M02,2025-11-19,223,172.47
DEL-50920,PO-10920,M01,2025-08-29,643,1158.3
DEL-50921,PO-10921,M01,2025-06-30,132,111.26
DEL-50922,PO-10922,M01,2025-02-21,244,242.82
DEL-50923,PO-10923,M03,2025-05-09,227,396.06
DEL-50924,PO-10924,M02,2025-10-28,650,1185.33
DEL-50925,PO-10925,M02,2025-10-01,182,327.37
DEL-50926,PO-10926,M01,2025-08-01,248,359.41
DEL-50927,PO-10927,M03,2025-04-18,143,252.01
DEL-50928,PO-10928,M01,2025-12-01,815,939.93
DEL-50929,PO-10929,M02,2025-01-22,528,840.89
DEL-50930,PO-10930,M03,2025-02-13,163,252.12
DEL-50931,PO-10931,M04,2025-05-29,192,617.71
DEL-50932,PO-10932,M02,2025-12-12,853,1330.37
DEL-50933,PO-10933,M01,2025-12-30,432,836.37
DEL-50934,PO-10934,M02,2025-05-11,928,1037.38
DEL-50935,PO-10935,M04,2025-11-03,870,1585.88
DEL-50936,PO-10936,M03,2025-07-05,854,1107.73
DEL-50937,PO-10937,M02,2025-11-11,834,1002.43
DEL-50938,PO-10938,M02,2025-08-29,232,372.83
DEL-50939,PO-10939,M02,2026-01-26,101,137.95
DEL-50940,PO-10940,M01,2025-08-13,983,1499.51
DEL-50941,PO-10941,M02,2025-07-29,966,1895.4
DEL-50942,PO-10942,M01,2025-01-31,727,984.69
DEL-50943,PO-10943,M01,2025-06-24,130,186.72
DEL-50944,PO-10944,M01,2025-06-08,913,1600.98
DEL-50945,PO-10945,M01,2025-09-28,881,830.66
DEL-50946,PO-10946,M01,2025-07-12,230,227.57
DEL-50947,PO-10947,M04,2025-03-10,899,917.27
DEL-50948,PO-10948,M01,2025-12-12,226,344.94
DEL-50949,PO-10949,M01,2026-01-02,276,497.95
DEL-50950,PO-10950,M02,2025-07-13,848,490.71
DEL-50951,PO-10951,M04,2025-06-04,950,1187.29
DEL-50952,PO-10952,M04,2025-04-22,444,619.22
DEL-50953,PO-10953,M04,2025-05-11,385,315.57
DEL-50954,PO-10954,M04,2025-09-16,928,1378.09
DEL-50955,PO-10955,M04,2025-10-29,219,263.82
DEL-50956,PO-10956,M01,2025-10-27,843,724.5
DEL-50957,PO-10957,M02,2025-11-22,365,216.93
DEL-50958,PO-10958,M04,2025-10-20,207,245.17
DEL-50959,PO-10959,M01,2025-04-03,973,1777.42
DEL-50960,PO-10960,M01,2025-06-19,421,758.06
DEL-50961,PO-10961,M03,2025-01-27,108,142.79
DEL-50962,PO-10962,M04,2025-10-17,508,479.25
DEL-50963,PO-10963,M02,2025-12-06,156,156.57
DEL-50964,PO-10964,M02,2026-01-15,566,754.05
DEL-50965,PO-10965,M04,2025-02-25,962,1485.58
DEL-50966,PO-10966,M04,2025-06-15,214,194.82
DEL-50967,PO-10967,M02,2025-08-04,894,1680.79
DEL-50968,PO-10968,M03,2025-02-13,193,212.76
DEL-50969,PO-10969,M02,2025-11-16,459,775.49
DEL-50970,PO-10970,M04,2026-01-01,699,1191.56
DEL-50971,PO-10971,M03,2025-11-10,367,200.81
DEL-50972,PO-10972,M02,2026-01-20,439,448.08
DEL-50973,PO-10973,M02,2025-09-03,343,304.06
DEL-50974,PO-10974,M01,2025-06-08,492,508.52
DEL-50975,PO-10975,M01,2025-05-02,441,394.96
DEL-50976,PO-10976,M02,2025-08-16,492,763.93
DEL-50977,PO-10977,M04,2025-05-01,70,110.72
DEL-50978,PO-10978,M04,2025-05-11,215,239.29
DEL-50979,PO-10979,M03,2025-12-10,324,409.59
DEL-50980,PO-10980,M03,2025-07-16,106,266.55
DEL-50981,PO-10981,M02,2026-01-18,553,310.79
DEL-50982,PO-10982,M02,2025-12-17,726,926.31
DEL-50983,PO-10983,M03,2025-06-02,479,881.37
DEL-50984,PO-10984,M01,2025-11-12,455,401.13
DEL-50985,PO-10985,M01,2025-12-09,410,665.09
DEL-50986,PO-10986,M03,2025-05-20,66,51.08
DEL-50987,PO-10987,M02,2025-04-25,132,160.63
DEL-50988,PO-10988,M04,2025-04-26,151,288.12
DEL-50989,PO-10989,M01,2025-11-08,801,1576.89
DEL-50990,PO-10990,M03,2025-03-15,976,1323.74
DEL-50991,PO-10991,M02,2025-02-26,220,160.65
DEL-50992,PO-10992,M03,2025-11-12,761,1323.55
DEL-50993,PO-10993,M03,2025-11-25,63,98.88
DEL-50994,PO-10994,M02,2025-08-29,872,1690.23
DEL-50995,PO-10995,M02,2025-10-07,107,208.54
DEL-50996,PO-10996,M01,2025-09-24,127,240.47
DEL-50997,PO-10997,M01,2025-11-23,591,1175.29
DEL-50998,PO-10998,M03,2025-05-06,116,146.12
DEL-50999,PO-10999,M03,2026-01-01,303,654.29
DEL-51000,PO-11000,M02,2025-05-05,665,513.31
DEL-51001,PO-11001,M03,2025-07-31,822,636.09
DEL-51002,PO-11002,M04,2025-12-16,343,836.22
DEL-51003,PO-11003,M03,2025-01-13,314,415.73
DEL-51004,PO-11004,M02,2025-12-12,70,138.94
DEL-51005,PO-11005,M04,2025-03-05,630,1099.15
DEL-51006,PO-11006,M01,2025-06-15,464,595.74
DEL-51007,PO-11007,M03,2025-11-29,938,1435.53
DEL-51008,PO-11008,M04,2025-06-03,540,994.12
DEL-51009,PO-11009,M02,2025-08-06,331,263.21
DEL-51010,PO-11010,M01,2025-11-30,364,209.44
DEL-51011,PO-11011,M02,2025-05-05,144,177.25
DEL-51012,PO-11012,M03,2025-06-26,788,1522.52
DEL-51013,PO-11013,M01,2025-11-23,235,407.35
DEL-51014,PO-11014,M01,2025-03-19,764,872.98
DEL-51015,PO-11015,M02,2025-09-26,406,373.01
DEL-51016,PO-11016,M03,2025-02-04,871,1754.13
DEL-51017,PO-11017,M02,2025-04-13,995,1995.07
DEL-51018,PO-11018,M03,2025-03-29,691,1031.78
DEL-51019,PO-11019,M01,2025-11-05,912,1070.98
DEL-51020,PO-11020,M02,2025-08-22,744,1923.96
DEL-51021,PO-11021,M04,2025-12-27,588,949.88
DEL-51022,PO-11022,M03,2025-01-30,243,483.39
DEL-51023,PO-11023,M01,2025-05-31,595,682.07
DEL-51024,PO-11024,M03,2026-01-24,389,482.25
DEL-51025,PO-11025,M04,2025-10-07,746,827.51
DEL-51026,PO-11026,M03,2025-07-17,78,124.42
DEL-51027,PO-11027,M04,2025-07-23,182,197.93
DEL-51028,PO-11028,M04,2025-06-13,941,945.06
DEL-51029,PO-11029,M04,2025-02-12,644,1451.82
DEL-51030,PO-11030,M01,2025-07-13,803,929.67
DEL-51031,PO-11031,M04,2025-08-05,881,1742.53
DEL-51032,PO-11032,M03,2025-12-29,244,164.6
DEL-51033,PO-11033,M03,2025-07-02,756,907.89
DEL-51034,PO-11034,M04,2025-07-22,100,158.71
DEL-51035,PO-11035,M02,2025-11-14,876,919.19
DEL-51036,PO-11036,M01,2025-04-05,104,135.59
DEL-51037,PO-11037,M03,2025-06-22,683,1210.57
DEL-51038,PO-11038,M02,2025-06-22,774,1044.48
DEL-51039,PO-11039,M02,2025-06-27,603,990.82
DEL-51040,PO-11040,M02,2025-03-10,808,1096.7
DEL-51041,PO-11041,M02,2025-12-22,251,140.66
DEL-51042,PO-11042,M04,2025-04-04,994,1211.67
DEL-51043,PO-11043,M01,2026-01-19,793,1305.98
DEL-51044,PO-11044,M03,2025-08-04,201,148.68
DEL-51045,PO-11045,M03,2025-06-09,841,453.55
DEL-51046,PO-11046,M02,2025-05-08,260,488.42
DEL-51047,PO-11047,M01,2025-12-30,151,134.96
DEL-51048,PO-11048,M01,2025-03-11,57,79.17
DEL-51049,PO-11049,M04,2025-07-27,747,576.61
DEL-51050,PO-11050,M03,2026-01-06,967,1847.21
DEL-51051,PO-11051,M01,2025-03-18,230,256.43
DEL-51052,PO-11052,M01,2025-12-17,712,406.7
DEL-51053,PO-11053,M02,2025-10-02,579,626.06
DEL-51054,PO-11054,M02,2025-09-20,824,413.38
DEL-51055,PO-11055,M04,2025-06-08,704,1198.49
DEL-51056,PO-11056,M02,2025-08-21,521,954.51
DEL-51057,PO-11057,M01,2025-08-12,260,131.75
DEL-51058,PO-11058,M02,2025-12-01,61,52.14
DEL-51059,PO-11059,M04,2025-02-16,400,400.87
DEL-51060,PO-11060,M03,2025-07-05,371,487.34
DEL-51061,PO-11061,M01,2025-11-06,124,193.36
DEL-51062,PO-11062,M02,2025-11-16,215,305.78
DEL-51063,PO-11063,M04,2025-10-19,110,213.91
DEL-51064,PO-11064,M04,2025-06-02,915,1605.97
DEL-51065,PO-11065,M04,2025-02-09,704,729.83
DEL-51066,PO-11066,M04,2025-01-25,236,386.8
DEL-51067,PO-11067,M04,2025-10-04,418,493.46
DEL-51068,PO-11068,M03,2025-04-02,595,906.26
DEL-51069,PO-11069,M02,2025-07-08,670,964.85
DEL-51070,PO-11070,M03,2025-07-23,930,587.53
DEL-51071,PO-11071,M03,2025-05-07,131,109.96
DEL-51072,PO-11072,M03,2025-05-12,954,1422.93
DEL-51073,PO-11073,M01,2025-08-24,312,438.86
DEL-51074,PO-11074,M03,2025-07-17,892,626.58
DEL-51075,PO-11075,M03,2025-11-28,514,801.88
DEL-51076,PO-11076,M02,2025-06-06,648,938.85
DEL-51077,PO-11077,M03,2025-10-25,147,213.9
DEL-51078,PO-11078,M02,2025-03-20,153,94.57
DEL-51079,PO-11079,M03,2026-01-11,565,307.93
DEL-51080,PO-11080,M01,2025-06-02,220,399.74
DEL-51081,PO-11081,M03,2025-11-07,710,1132.41
DEL-51082,PO-11082,M01,2025-10-11,111,123.63
DEL-51083,PO-11083,M04,2025-07-09,129,177.86
DEL-51084,PO-11084,M03,2025-04-12,742,1199.51
DEL-51085,PO-11085,M03,2025-03-11,241,456.01
DEL-51086,PO-11086,M03,2025-11-01,396,514.72
DEL-51087,PO-11087,M01,2025-07-12,159,172.52
DEL-51088,PO-11088,M03,2026-01-05,360,660.2
DEL-51089,PO-11089,M02,2025-01-24,656,1052.31
DEL-51090,PO-11090,M02,2025-12-13,618,1581.58
DEL-51091,PO-11091,M01,2025-11-19,462,453.63
DEL-51092,PO-11092,M04,2025-09-19,870,1540.59
DEL-51093,PO-11093,M03,2025-12-15,315,394.3
DEL-51094,PO-11094,M01,2025-09-27,881,1668.11
DEL-51095,PO-11095,M02,2025-12-18,113,118.3
DEL-51096,PO-11096,M03,2025-03-17,465,602.35
DEL-51097,PO-11097,M03,2025-09-24,751,708.9
DEL-51098,PO-11098,M03,2025-10-08,263,499.26
DEL-51099,PO-11099,M04,2025-09-05,205,127.89
DEL-51100,PO-11100,M04,2025-03-14,918,1595.24
DEL-51101,PO-11101,M01,2025-03-29,598,697.21
DEL-51102,PO-11102,M02,2025-04-30,587,844.99
DEL-51103,PO-11103,M01,2025-04-15,841,776.0
DEL-51104,PO-11104,M04,2025-10-01,209,201.82
DEL-51105,PO-11105,M04,2025-11-12,252,130.46
DEL-51106,PO-11106,M03,2025-04-18,451,875.18
DEL-51107,PO-11107,M02,2025-04-06,759,586.21
DEL-51108,PO-11108,M02,2025-04-17,190,167.41
DEL-51109,PO-11109,M02,2025-11-01,595,354.13
DEL-51110,PO-11110,M03,2025-05-12,694,953.3
DEL-51111,PO-11111,M02,2025-11-27,656,1121.97
DEL-51112,PO-11112,M03,2025-06-25,235,316.89
DEL-51113,PO-11113,M03,2025-07-19,443,756.95
DEL-51114,PO-11114,M04,2025-09-14,434,470.73
DEL-51115,PO-11115,M04,2025-11-30,348,285.87
DEL-51116,PO-11116,M04,2025-02-09,972,1044.59
DEL-51117,PO-11117,M01,2026-01-01,977,1107.69
DEL-51118,PO-11118,M03,2025-10-02,182,311.79
DEL-51119,PO-11119,M04,2025-06-21,627,943.83
DEL-51120,PO-11120,M04,2025-06-23,129,237.81
DEL-51121,PO-11121,M04,2025-04-22,294,475.96
DEL-51122,PO-11122,M02,2025-06-22,965,1371.0
DEL-51123,PO-11123,M02,2025-05-16,507,284.39
DEL-51124,PO-11124,M03,2025-02-13,259,335.56
DEL-51125,PO-11125,M01,2025-11-19,89,177.31
DEL-51126,PO-11126,M01,2025-07-27,243,430.77
DEL-51127,PO-11127,M01,2025-04-26,81,212.83
DEL-51128,PO-11128,M02,2025-01-09,483,409.49
DEL-51129,PO-11129,M01,2025-11-16,799,1624.11
DEL-51130,PO-11130,M02,2025-08-12,651,831.87
DEL-51131,PO-11131,M04,2025-01-26,817,1339.52
DEL-51132,PO-11132,M03,2025-09-05,128,237.5
DEL-51133,PO-11133,M03,2025-07-26,139,144.48
DEL-51134,PO-11134,M04,2025-05-09,290,285.47
DEL-51135,PO-11135,M03,2025-02-12,411,465.53
DEL-51136,PO-11136,M02,2025-09-25,915,1446.26
DEL-51137,PO-11137,M01,2025-11-08,486,870.58
DEL-51138,PO-11138,M03,2025-10-09,883,875.84
DEL-51139,PO-11139,M02,2025-08-31,880,1581.57
DEL-51140,PO-11140,M01,2025-09-08,508,584.95
DEL-51141,PO-11141,M03,2025-03-05,872,645.99
DEL-51142,PO-11142,M02,2025-12-30,527,1395.49
DEL-51143,PO-11143,M03,2026-01-18,742,608.61
DEL-51144,PO-11144,M01,2026-01-23,711,742.23
DEL-51145,PO-11145,M02,2025-11-01,224,260.75
DEL-51146,PO-11146,M04,2025-04-15,424,459.7
DEL-51147,PO-11147,M04,2025-08-06,89,61.95
DEL-51148,PO-11148,M04,2025-06-24,722,513.15
DEL-51149,PO-11149,M04,2025-05-16,342,643.51
DEL-51150,PO-11150,M01,2025-03-24,253,453.17
DEL-51151,PO-11151,M04,2025-08-21,975,1277.68
DEL-51152,PO-11152,M01,2025-06-07,670,1243.83
DEL-51153,PO-11153,M04,2025-08-19,617,1215.73
DEL-51154,PO-11154,M03,2025-08-29,984,879.65
DEL-51155,PO-11155,M03,2025-06-03,462,918.62
DEL-51156,PO-11156,M01,2025-08-14,737,794.72
DEL-51157,PO-11157,M01,2025-01-28,131,155.13
DEL-51158,PO-11158,M03,2025-02-08,641,1097.19
DEL-51159,PO-11159,M02,2025-02-21,316,424.18
DEL-51160,PO-11160,M02,2025-09-16,443,818.59
DEL-51161,PO-11161,M03,2025-10-24,381,511.62
DEL-51162,PO-11162,M01,2026-01-21,811,757.89
DEL-51163,PO-11163,M03,2025-08-26,395,309.59
DEL-51164,PO-11164,M02,2025-09-27,398,295.37
DEL-51165,PO-11165,M03,2025-10-25,846,649.62
DEL-51166,PO-11166,M01,2025-09-22,705,894.09
DEL-51167,PO-11167,M03,2025-01-28,449,769.16
DEL-51168,PO-11168,M03,2025-06-20,798,1359.08
DEL-51169,PO-11169,M01,2025-02-23,299,340.45
DEL-51170,PO-11170,M03,2025-05-06,346,250.58
DEL-51171,PO-11171,M03,2025-04-28,942,837.53
DEL-51172,PO-11172,M01,2025-08-28,224,433.09
DEL-51173,PO-11173,M04,2025-11-02,373,558.34
DEL-51174,PO-11174,M01,2025-04-05,756,953.16
DEL-51175,PO-11175,M03,2025-12-09,283,428.53
DEL-51176,PO-11176,M02,2025-06-12,646,866.15
DEL-51177,PO-11177,M01,2025-05-28,981,1152.21
DEL-51178,PO-11178,M01,2025-12-24,184,169.77
DEL-51179,PO-11179,M03,2025-03-11,135,263.56
DEL-51180,PO-11180,M04,2026-01-04,956,1305.15
DEL-51181,PO-11181,M02,2025-02-19,146,261.18
DEL-51182,PO-11182,M03,2025-02-20,572,339.05
DEL-51183,PO-11183,M02,2025-01-24,358,702.46
DEL-51184,PO-11184,M04,2025-07-19,385,594.61
DEL-51185,PO-11185,M02,2025-06-21,408,484.52
DEL-51186,PO-11186,M02,2025-04-12,953,912.31
DEL-51187,PO-11187,M01,2025-05-03,928,1208.82
DEL-51188,PO-11188,M04,2025-05-28,957,1144.12
DEL-51189,PO-11189,M04,2026-01-18,967,1569.5
DEL-51190,PO-11190,M02,2025-12-26,265,476.8
DEL-51191,PO-11191,M02,2025-02-03,592,1585.32
DEL-51192,PO-11192,M04,2025-12-07,567,1078.86
DEL-51193,PO-11193,M02,2025-10-25,479,431.85
DEL-51194,PO-11194,M04,2025-05-23,303,179.77
DEL-51195,PO-11195,M04,2025-08-15,319,361.5
DEL-51196,PO-11196,M03,2025-07-08,529,646.5
DEL-51197,PO-11197,M03,2025-04-29,594,1131.26
DEL-51198,PO-11198,M04,2025-10-22,640,1026.93
DEL-51199,PO-11199,M02,2025-09-15,501,966.01
DEL-51200,PO-11200,M04,2025-12-01,438,718.0
DEL-51201,PO-11201,M02,2025-07-06,266,462.17
DEL-51202,PO-11202,M03,2025-07-25,248,219.75
DEL-51203,PO-11203,M04,2025-05-15,410,263.18
DEL-51204,PO-11204,M04,2025-03-10,62,117.4
DEL-51205,PO-11205,M01,2025-03-18,915,2015.77
DEL-51206,PO-11206,M01,2025-05-18,283,190.4
DEL-51207,PO-11207,M01,2025-11-12,392,1405.13
DEL-51208,PO-11208,M04,2026-01-22,876,761.8
DEL-51209,PO-11209,M03,2025-08-05,595,916.32
DEL-51210,PO-11210,M04,2025-11-24,50,39.61
DEL-51211,PO-11211,M01,2025-07-19,775,1336.94
DEL-51212,PO-11212,M01,2025-11-07,669,1119.31
DEL-51213,PO-11213,M01,2025-10-23,299,1041.27
DEL-51214,PO-11214,M04,2025-02-14,402,723.97
DEL-51215,PO-11215,M02,2025-06-20,841,1004.89
DEL-51216,PO-11216,M01,2025-10-11,419,754.83
DEL-51217,PO-11217,M03,2025-10-29,946,1581.87
DEL-51218,PO-11218,M02,2025-01-18,412,454.41
DEL-51219,PO-11219,M02,2025-06-27,143,107.54
DEL-51220,PO-11220,M01,2025-05-08,338,331.09
DEL-51221,PO-11221,M02,2025-07-21,896,1217.93
DEL-51222,PO-11222,M04,2025-11-02,783,568.31
DEL-51223,PO-11223,M03,2025-09-14,630,1498.43
DEL-51224,PO-11224,M03,2025-09-01,727,911.7
DEL-51225,PO-11225,M02,2025-11-25,403,503.17
DEL-51226,PO-11226,M03,2025-04-17,979,2982.01
DEL-51227,PO-11227,M04,2025-03-05,845,860.86
DEL-51228,PO-11228,M03,2025-05-16,187,215.32
DEL-51229,PO-11229,M02,2025-07-06,695,1388.77
DEL-51230,PO-11230,M03,2025-10-08,743,1113.9
DEL-51231,PO-11231,M02,2025-04-04,540,315.92
DEL-51232,PO-11232,M02,2025-11-30,811,860.68
DEL-51233,PO-11233,M01,2025-10-28,244,421.17
DEL-51234,PO-11234,M04,2025-09-25,216,142.42
DEL-51235,PO-11235,M02,2025-03-02,314,338.56
DEL-51236,PO-11236,M04,2025-09-06,257,313.47
DEL-51237,PO-11237,M01,2025-06-24,657,1220.02
DEL-51238,PO-11238,M02,2025-09-11,178,343.98
DEL-51239,PO-11239,M03,2025-09-14,385,308.56
DEL-51240,PO-11240,M04,2025-12-15,620,736.65
DEL-51241,PO-11241,M02,2026-01-10,655,433.04
DEL-51242,PO-11242,M01,2025-08-06,744,1072.91
DEL-51243,PO-11243,M01,2025-06-13,665,1279.32
DEL-51244,PO-11244,M04,2025-04-01,134,205.89
DEL-51245,PO-11245,M03,2025-08-03,152,110.93
DEL-51246,PO-11246,M01,2025-11-03,998,1482.43
DEL-51247,PO-11247,M04,2025-02-11,726,750.44
DEL-51248,PO-11248,M02,2025-05-22,710,844.2
DEL-51249,PO-11249,M02,2025-08-30,200,285.64
DEL-51250,PO-11250,M03,2025-03-21,329,529.78
DEL-51251,PO-11251,M02,2025-04-30,631,327.33
DEL-51252,PO-11252,M02,2025-02-24,486,581.98
DEL-51253,PO-11253,M04,2025-02-02,110,98.72
DEL-51254,PO-11254,M03,2025-02-28,840,683.98
DEL-51255,PO-11255,M03,2025-10-26,724,920.65
DEL-51256,PO-11256,M02,2025-06-19,841,1024.48
DEL-51257,PO-11257,M04,2025-09-18,71,116.7
DEL-51258,PO-11258,M03,2025-05-17,334,236.71
DEL-51259,PO-11259,M03,2025-07-06,791,471.05
DEL-51260,PO-11260,M04,2025-04-27,149,146.61
DEL-51261,PO-11261,M03,2026-01-02,662,464.52
DEL-51262,PO-11262,M04,2025-02-02,862,1652.02
DEL-51263,PO-11263,M01,2025-11-10,897,898.78
DEL-51264,PO-11264,M04,2025-05-09,254,394.98
DEL-51265,PO-11265,M01,2025-03-09,63,37.18
DEL-51266,PO-11266,M03,2025-11-17,827,1474.85
DEL-51267,PO-11267,M03,2025-02-20,644,716.31
DEL-51268,PO-11268,M04,2025-12-19,671,1157.03
DEL-51269,PO-11269,M03,2025-03-12,504,491.89
DEL-51270,PO-11270,M04,2025-11-23,906,898.77
DEL-51271,PO-11271,M04,2025-11-21,681,1259.27
DEL-51272,PO-11272,M04,2025-01-23,737,977.38
DEL-51273,PO-11273,M02,2025-11-20,728,895.92
DEL-51274,PO-11274,M03,2025-04-11,769,1352.25
DEL-51275,PO-11275,M01,2025-08-29,145,418.28
DEL-51276,PO-11276,M04,2025-12-19,85,76.45
DEL-51277,PO-11277,M01,2025-10-08,938,768.35
DEL-51278,PO-11278,M01,2025-06-10,950,1585.82
DEL-51279,PO-11279,M01,2025-03-28,217,401.27
DEL-51280,PO-11280,M01,2025-09-08,124,311.58
DEL-51281,PO-11281,M04,2025-07-28,372,653.68
DEL-51282,PO-11282,M01,2025-08-08,556,942.07
DEL-51283,PO-11283,M03,2025-02-11,267,457.46
DEL-51284,PO-11284,M01,2025-04-22,250,474.44
DEL-51285,PO-11285,M03,2025-10-19,305,577.7
DEL-51286,PO-11286,M03,2025-06-14,829,1019.47
DEL-51287,PO-11287,M02,2025-03-05,912,717.4
DEL-51288,PO-11288,M01,2026-01-11,230,183.97
DEL-51289,PO-11289,M04,2025-02-18,373,1041.68
DEL-51290,PO-11290,M01,2025-03-16,262,201.06
DEL-51291,PO-11291,M01,2025-10-24,423,572.81
DEL-51292,PO-11292,M02,2025-10-08,811,871.9
DEL-51293,PO-11293,M01,2025-02-04,531,726.01
DEL-51294,PO-11294,M03,2025-07-31,216,315.31
DEL-51295,PO-11295,M02,2025-10-26,364,704.19
DEL-51296,PO-11296,M03,2025-04-13,281,440.09
DEL-51297,PO-11297,M01,2025-10-01,572,1441.19
DEL-51298,PO-11298,M01,2025-10-08,760,1170.5
DEL-51299,PO-11299,M01,2025-12-17,736,959.98
DEL-51300,PO-11300,M03,2025-05-12,103,132.6
DEL-51301,PO-11301,M02,2025-02-15,79,193.61
DEL-51302,PO-11302,M01,2025-05-29,332,203.21
DEL-51303,PO-11303,M01,2025-07-30,163,119.81
DEL-51304,PO-11304,M04,2026-01-04,393,459.39
DEL-51305,PO-11305,M04,2025-11-26,579,615.44
DEL-51306,PO-11306,M02,2025-08-23,257,472.64
DEL-51307,PO-11307,M03,2025-04-05,83,137.35
DEL-51308,PO-11308,M03,2025-09-02,306,513.64
DEL-51309,PO-11309,M01,2025-05-02,734,1570.16
DEL-51310,PO-11310,M03,2025-10-20,630,330.41
DEL-51311,PO-11311,M03,2025-02-07,827,1448.54
DEL-51312,PO-11312,M04,2025-07-07,53,142.95
DEL-51313,PO-11313,M03,2025-06-23,764,1013.13
DEL-51314,PO-11314,M03,2025-04-25,267,449.99
DEL-51315,PO-11315,M03,2025-08-17,449,595.46
DEL-51316,PO-11316,M01,2025-11-21,294,361.15
DEL-51317,PO-11317,M02,2025-05-02,772,2004.1
DEL-51318,PO-11318,M03,2025-06-08,689,557.07
DEL-51319,PO-11319,M03,2025-11-14,240,217.91
DEL-51320,PO-11320,M01,2025-07-07,920,1179.23
DEL-51321,PO-11321,M02,2025-08-03,930,1793.63
DEL-51322,PO-11322,M01,2026-01-10,503,265.98
DEL-51323,PO-11323,M03,2025-02-25,94,220.11
DEL-51324,PO-11324,M04,2025-01-28,220,514.61
DEL-51325,PO-11325,M02,2025-02-02,967,631.09
DEL-51326,PO-11326,M01,2025-12-31,841,1110.91
DEL-51327,PO-11327,M01,2025-08-28,652,712.46
DEL-51328,PO-11328,M04,2025-07-23,225,220.69
DEL-51329,PO-11329,M01,2025-02-05,823,2475.16
DEL-51330,PO-11330,M01,2025-05-19,884,979.0
DEL-51331,PO-11331,M04,2025-11-19,791,1520.64
DEL-51332,PO-11332,M04,2025-08-31,755,1067.22
DEL-51333,PO-11333,M03,2025-07-22,896,1705.62
DEL-51334,PO-11334,M04,2025-03-12,615,1064.06
DEL-51335,PO-11335,M04,2025-09-13,156,171.99
DEL-51336,PO-11336,M01,2025-09-27,465,723.2
DEL-51337,PO-11337,M02,2025-10-16,410,258.06
DEL-51338,PO-11338,M04,2025-06-03,583,463.87
DEL-51339,PO-11339,M04,2025-10-28,865,1410.09
DEL-51340,PO-11340,M03,2025-04-14,260,414.56
DEL-51341,PO-11341,M04,2025-09-13,234,350.59
DEL-51342,PO-11342,M03,2025-03-10,175,197.47
DEL-51343,PO-11343,M03,2025-11-05,598,973.35
DEL-51344,PO-11344,M03,2025-02-22,880,1537.5
DEL-51345,PO-11345,M01,2025-12-12,845,673.21
DEL-51346,PO-11346,M02,2025-09-23,581,855.49
DEL-51347,PO-11347,M01,2025-09-15,384,339.77
DEL-51348,PO-11348,M03,2025-07-27,961,2464.23
DEL-51349,PO-11349,M04,2025-10-20,357,616.48
DEL-51350,PO-11350,M04,2025-09-07,795,901.03
DEL-51351,PO-11351,M04,2025-09-27,542,892.8
DEL-51352,PO-11352,M04,2025-10-01,720,417.38
DEL-51353,PO-11353,M01,2026-01-18,467,499.84
DEL-51354,PO-11354,M04,2025-12-22,938,1229.05
DEL-51355,PO-11355,M02,2025-03-31,877,636.75
DEL-51356,PO-11356,M04,2025-07-08,651,1620.24
DEL-51357,PO-11357,M02,2025-01-28,113,156.72
DEL-51358,PO-11358,M04,2025-06-19,635,733.93
DEL-51359,PO-11359,M03,2025-07-04,452,641.23
DEL-51360,PO-11360,M02,2025-12-03,530,612.85
DEL-51361,PO-11361,M04,2025-06-17,193,113.12
DEL-51362,PO-11362,M03,2025-11-12,594,405.51
DEL-51363,PO-11363,M02,2025-06-20,102,120.13
DEL-51364,PO-11364,M04,2025-08-03,431,322.02
DEL-51365,PO-11365,M02,2025-03-28,900,1728.65
DEL-51366,PO-11366,M04,2025-11-21,794,742.91
DEL-51367,PO-11367,M01,2025-12-26,956,1553.86
DEL-51368,PO-11368,M04,2025-06-03,471,652.21
DEL-51369,PO-11369,M03,2025-07-18,879,1237.03
DEL-51370,PO-11370,M04,2025-10-30,746,1297.78
DEL-51371,PO-11371,M04,2025-03-11,638,727.22
DEL-51372,PO-11372,M03,2025-08-09,109,157.19
DEL-51373,PO-11373,M01,2025-11-07,337,439.54
DEL-51374,PO-11374,M01,2025-11-28,825,1418.16
DEL-51375,PO-11375,M03,2025-11-20,582,663.68
DEL-51376,PO-11376,M03,2026-01-02,563,294.8
DEL-51377,PO-11377,M03,2025-01-30,176,237.95
DEL-51378,PO-11378,M01,2025-03-22,981,1609.52
DEL-51379,PO-11379,M03,2025-12-18,230,215.56
DEL-51380,PO-11380,M01,2025-09-22,264,172.03
DEL-51381,PO-11381,M02,2025-06-16,198,209.61
DEL-51382,PO-11382,M03,2025-08-13,488,337.44
DEL-51383,PO-11383,M01,2025-03-09,964,1806.02
DEL-51384,PO-11384,M03,2025-10-05,519,289.68
DEL-51385,PO-11385,M04,2025-03-09,164,234.36
DEL-51386,PO-11386,M01,2025-04-14,280,341.27
DEL-51387,PO-11387,M02,2025-06-11,313,183.61
DEL-51388,PO-11388,M01,2025-12-29,746,424.84
DEL-51389,PO-11389,M04,2025-03-24,487,420.49
DEL-51390,PO-11390,M04,2025-11-25,496,459.74
DEL-51391,PO-11391,M01,2025-09-26,807,1045.18
DEL-51392,PO-11392,M01,2025-12-26,234,325.85
DEL-51393,PO-11393,M04,2025-04-22,139,260.74
DEL-51394,PO-11394,M03,2025-09-02,557,1019.82
DEL-51395,PO-11395,M01,2025-12-05,797,505.66
DEL-51396,PO-11396,M02,2025-08-22,382,260.09
DEL-51397,PO-11397,M03,2025-09-09,981,1955.35
DEL-51398,PO-11398,M01,2025-10-02,634,1036.09
DEL-51399,PO-11399,M03,2025-10-05,957,1658.68
DEL-51400,PO-11400,M02,2025-01-27,47,88.15
DEL-51401,PO-11401,M03,2025-10-02,799,1417.88
DEL-51402,PO-11402,M01,2025-03-08,376,656.5
DEL-51403,PO-11403,M04,2025-02-26,958,1005.56
DEL-51404,PO-11404,M04,2025-09-03,826,480.1
DEL-51405,PO-11405,M01,2025-08-04,127,206.76
DEL-51406,PO-11406,M03,2025-02-17,766,493.27
DEL-51407,PO-11407,M01,2025-04-29,93,270.47
DEL-51408,PO-11408,M02,2025-01-29,229,134.45
DEL-51409,PO-11409,M02,2025-09-16,717,939.1
DEL-51410,PO-11410,M03,2025-03-19,694,1114.05
DEL-51411,PO-11411,M04,2025-07-17,312,316.42
DEL-51412,PO-11412,M03,2025-12-25,568,593.85
DEL-51413,PO-11413,M02,2025-04-02,642,1330.33
DEL-51414,PO-11414,M01,2025-06-01,562,525.76
DEL-51415,PO-11415,M04,2025-09-02,487,855.34
DEL-51416,PO-11416,M03,2025-01-23,94,166.01
DEL-51417,PO-11417,M02,2025-06-24,598,555.51
DEL-51418,PO-11418,M01,2025-09-05,117,100.24
DEL-51419,PO-11419,M01,2025-10-05,832,1545.64
DEL-51420,PO-11420,M01,2025-05-26,121,115.72
DEL-51421,PO-11421,M01,2025-04-19,883,942.86
DEL-51422,PO-11422,M01,2025-12-04,928,830.8
DEL-51423,PO-11423,M04,2025-03-14,545,1849.24
DEL-51424,PO-11424,M03,2026-01-14,273,158.34
DEL-51425,PO-11425,M01,2025-04-15,877,941.11
DEL-51426,PO-11426,M04,2025-10-11,264,305.35
DEL-51427,PO-11427,M02,2025-05-05,386,593.56
DEL-51428,PO-11428,M02,2025-12-11,561,576.7
DEL-51429,PO-11429,M04,2025-05-25,244,159.98
DEL-51430,PO-11430,M04,2025-02-05,136,142.83
DEL-51431,PO-11431,M04,2025-06-08,158,220.22
DEL-51432,PO-11432,M02,2025-07-30,210,236.72
DEL-51433,PO-11433,M01,2025-08-30,78,62.71
DEL-51434,PO-11434,M01,2025-12-24,529,705.85
DEL-51435,PO-11435,M03,2025-07-20,336,376.25
DEL-51436,PO-11436,M01,2025-01-29,388,278.04
DEL-51437,PO-11437,M02,2025-03-03,794,2468.0
DEL-51438,PO-11438,M03,2025-02-11,756,867.98
DEL-51439,PO-11439,M03,2025-09-30,619,510.35
DEL-51440,PO-11440,M02,2025-08-25,302,398.88
DEL-51441,PO-11441,M03,2025-05-23,161,181.59
DEL-51442,PO-11442,M04,2025-02-18,894,2627.51
DEL-51443,PO-11443,M04,2025-12-18,379,682.24
DEL-51444,PO-11444,M01,2025-10-06,479,912.59
DEL-51445,PO-11445,M04,2025-07-11,253,424.48
DEL-51446,PO-11446,M03,2025-04-27,432,731.11
DEL-51447,PO-11447,M02,2025-02-16,531,1061.04
DEL-51448,PO-11448,M02,2025-11-26,406,746.92
DEL-51449,PO-11449,M02,2025-07-22,677,1238.84
DEL-51450,PO-11450,M03,2025-10-28,874,776.47
DEL-51451,PO-11451,M04,2025-04-11,218,325.5
DEL-51452,PO-11452,M01,2025-05-03,647,440.99
DEL-51453,PO-11453,M02,2025-02-28,104,222.7
DEL-51454,PO-11454,M04,2025-11-03,356,510.91
DEL-51455,PO-11455,M01,2025-08-26,362,709.48
DEL-51456,PO-11456,M01,2025-12-10,759,1096.64
DEL-51457,PO-11457,M02,2026-01-18,560,1042.21
DEL-51458,PO-11458,M04,2025-05-18,851,945.12
DEL-51459,PO-11459,M02,2025-07-25,977,2583.12
DEL-51460,PO-11460,M01,2025-12-17,563,923.25
DEL-51461,PO-11461,M03,2025-03-17,76,149.13
DEL-51462,PO-11462,M02,2025-02-17,390,349.32
DEL-51463,PO-11463,M03,2026-01-07,289,350.93
DEL-51464,PO-11464,M02,2025-03-04,993,2526.16
DEL-51465,PO-11465,M04,2025-12-28,338,623.75
DEL-51466,PO-11466,M04,2025-09-30,959,1423.73
DEL-51467,PO-11467,M04,2025-11-02,519,508.59
DEL-51468,PO-11468,M02,2025-10-12,564,713.66
DEL-51469,PO-11469,M04,2025-08-24,271,327.73
DEL-51470,PO-11470,M01,2025-06-11,760,1724.27
DEL-51471,PO-11471,M02,2025-12-25,703,911.06
DEL-51472,PO-11472,M03,2025-07-03,423,438.92
DEL-51473,PO-11473,M02,2025-04-18,850,931.68
DEL-51474,PO-11474,M03,2026-01-01,701,1356.79
DEL-51475,PO-11475,M02,2025-03-30,949,1484.98
DEL-51476,PO-11476,M01,2025-03-17,115,221.48
DEL-51477,PO-11477,M03,2025-11-13,885,966.47
DEL-51478,PO-11478,M02,2025-07-11,942,713.68
DEL-51479,PO-11479,M01,2025-10-06,231,248.27
DEL-51480,PO-11480,M02,2026-01-13,512,1459.74
DEL-51481,PO-11481,M03,2025-02-25,64,100.19
DEL-51482,PO-11482,M01,2026-01-03,539,1075.0
DEL-51483,PO-11483,M04,2025-07-15,819,1075.5
DEL-51484,PO-11484,M03,2025-07-04,486,441.97
DEL-51485,PO-11485,M02,2026-01-12,403,563.45
DEL-51486,PO-11486,M03,2025-08-04,849,1761.04
DEL-51487,PO-11487,M01,2025-06-24,625,1011.3
DEL-51488,PO-11488,M02,2025-07-24,136,83.39
DEL-51489,PO-11489,M03,2025-01-12,297,359.6
DEL-51490,PO-11490,M02,2025-05-27,704,580.82
DEL-51491,PO-11491,M03,2025-09-21,268,181.74
DEL-51492,PO-11492,M03,2025-03-22,852,1069.3
DEL-51493,PO-11493,M03,2025-11-26,529,907.31
DEL-51494,PO-11494,M03,2025-09-18,131,333.57
DEL-51495,PO-11495,M01,2025-03-01,369,546.09
DEL-51496,PO-11496,M03,2025-02-20,137,157.76
DEL-51497,PO-11497,M03,2025-06-21,590,1106.87
DEL-51498,PO-11498,M03,2026-01-07,491,742.63
DEL-51499,PO-11499,M04,2025-06-21,571,310.85
