po_number,supplier_id,product_id,quantity_ordered,agreed_unit_price,order_date,promised_delivery_date
PO-10000,SUP-007,PRD-011,509,107.48,2025-03-03,2025-03-19
PO-10001,SUP-011,PRD-008,835,211.94,2025-05-14,2025-06-07
PO-10002,SUP-012,PRD-032,637,128.05,2025-10-11,2025-11-03
PO-10003,SUP-015,PRD-005,508,88.78,2025-01-28,2025-02-26
PO-10004,SUP-016,PRD-036,666,228.5,2025-04-18,2025-05-01
PO-10005,SUP-002,PRD-031,444,124.01,2025-02-13,2025-03-04
PO-10006,SUP-003,PRD-039,234,251.33,2025-12-06,2025-12-22
PO-10007,SUP-015,PRD-030,806,385.03,2025-10-13,2025-11-04
PO-10008,SUP-009,PRD-040,182,274.27,2025-11-27,2025-12-08
PO-10009,SUP-016,PRD-045,987,101.94,2025-05-08,2025-05-27
PO-10010,SUP-004,PRD-031,504,119.93,2025-12-14,2026-01-03
PO-10011,SUP-010,PRD-015,847,491.14,2025-08-19,2025-09-17
PO-10012,SUP-008,PRD-009,810,150.57,2025-07-09,2025-07-27
PO-10013,SUP-001,PRD-005,948,84.75,2025-08-13,2025-08-25
PO-10014,SUP-009,PRD-030,601,378.55,2025-10-10,2025-11-05
PO-10015,SUP-005,PRD-012,643,352.3,2025-05-01,2025-05-18
PO-10016,SUP-003,PRD-034,415,357.85,2025-04-26,2025-05-09
PO-10017,SUP-011,PRD-024,675,302.43,2025-08-21,2025-09-19
PO-10018,SUP-020,PRD-009,185,152.54,2025-09-16,2025-10-05
PO-10019,SUP-016,PRD-007,454,226.24,2025-12-25,2026-01-13
PO-10020,SUP-006,PRD-010,862,13.05,2025-07-17,2025-07-27
PO-10021,SUP-017,PRD-012,231,380.26,2025-05-17,2025-06-09
PO-10022,SUP-012,PRD-003,70,145.04,2025-11-14,2025-12-11
PO-10023,SUP-005,PRD-018,880,407.8,2025-06-14,2025-07-10
PO-10024,SUP-007,PRD-023,897,326.23,2025-08-13,2025-08-25
PO-10025,SUP-013,PRD-035,621,57.89,2025-11-03,2025-11-24
PO-10026,SUP-011,PRD-010,689,11.5,2025-08-22,2025-09-03
PO-10027,SUP-004,PRD-022,222,361.59,2025-06-21,2025-07-07
PO-10028,SUP-014,PRD-015,84,442.61,2025-06-01,2025-06-27
PO-10029,SUP-002,PRD-005,802,86.78,2025-11-11,2025-11-23
PO-10030,SUP-008,PRD-042,480,78.23,2025-06-09,2025-07-05
PO-10031,SUP-015,PRD-016,272,338.34,2025-04-06,2025-04-21
PO-10032,SUP-011,PRD-046,926,496.82,2025-08-21,2025-09-17
PO-10033,SUP-005,PRD-021,432,193.48,2025-06-29,2025-07-20
PO-10034,SUP-012,PRD-037,277,104.36,2025-04-23,2025-05-08
PO-10035,SUP-011,PRD-038,537,492.88,2025-11-14,2025-11-30
PO-10036,SUP-007,PRD-039,344,236.67,2025-02-21,2025-03-05
PO-10037,SUP-008,PRD-034,290,344.44,2025-09-25,2025-10-22
PO-10038,SUP-006,PRD-007,962,236.02,2025-10-22,2025-11-05
PO-10039,SUP-016,PRD-015,98,486.71,2025-04-23,2025-05-12
PO-10040,SUP-012,PRD-026,687,283.45,2025-04-11,2025-05-02
PO-10041,SUP-016,PRD-038,510,444.56,2025-04-23,2025-05-10
PO-10042,SUP-008,PRD-036,301,232.59,2025-03-22,2025-04-16
PO-10043,SUP-012,PRD-045,702,107.86,2025-07-06,2025-07-28
PO-10044,SUP-010,PRD-023,148,347.02,2025-04-23,2025-05-14
PO-10045,SUP-019,PRD-032,749,136.83,2025-01-02,2025-01-17
PO-10046,SUP-005,PRD-006,918,12.35,2025-05-10,2025-05-25
PO-10047,SUP-017,PRD-008,777,193.38,2025-08-08,2025-09-05
PO-10048,SUP-006,PRD-050,108,301.58,2025-02-23,2025-03-05
PO-10049,SUP-018,PRD-040,841,296.48,2025-12-09,2025-12-28
PO-10050,SUP-006,PRD-012,56,359.91,2025-08-12,2025-09-07
PO-10051,SUP-009,PRD-022,380,349.86,2025-08-13,2025-09-07
PO-10052,SUP-018,PRD-029,256,463.08,2025-05-06,2025-05-16
PO-10053,SUP-003,PRD-036,475,240.01,2025-05-10,2025-06-05
PO-10054,SUP-012,PRD-043,985,319.96,2025-02-22,2025-03-18
PO-10055,SUP-010,PRD-004,948,164.15,2025-06-21,2025-07-11
PO-10056,SUP-014,PRD-026,363,302.74,2025-08-06,2025-09-04
PO-10057,SUP-017,PRD-039,433,257.0,2025-06-09,2025-06-24
PO-10058,SUP-015,PRD-043,231,323.11,2025-07-17,2025-08-01
PO-10059,SUP-016,PRD-007,325,216.38,2025-09-04,2025-09-29
PO-10060,SUP-019,PRD-045,108,100.64,2025-11-20,2025-12-10
PO-10061,SUP-015,PRD-006,874,13.26,2025-07-22,2025-08-08
PO-10062,SUP-015,PRD-016,215,318.13,2025-07-03,2025-07-14
PO-10063,SUP-011,PRD-036,757,222.3,2025-05-03,2025-05-20
PO-10064,SUP-013,PRD-018,574,421.29,2025-09-12,2025-10-04
PO-10065,SUP-010,PRD-044,520,279.08,2025-10-21,2025-11-19
PO-10066,SUP-001,PRD-004,920,145.02,2025-10-07,2025-11-02
PO-10067,SUP-006,PRD-039,54,260.89,2025-11-21,2025-12-03
PO-10068,SUP-016,PRD-011,775,111.0,2025-04-08,2025-04-25
PO-10069,SUP-003,PRD-032,651,126.19,2025-07-17,2025-08-08
PO-10070,SUP-017,PRD-010,969,11.46,2025-08-28,2025-09-23
PO-10071,SUP-007,PRD-049,502,428.47,2025-05-24,2025-06-08
PO-10072,SUP-014,PRD-048,118,377.9,2025-04-07,2025-05-01
PO-10073,SUP-020,PRD-020,121,54.05,2025-07-20,2025-08-05
PO-10074,SUP-015,PRD-041,836,362.46,2025-05-04,2025-05-15
PO-10075,SUP-013,PRD-008,351,216.02,2025-07-06,2025-07-22
PO-10076,SUP-011,PRD-025,410,140.79,2025-11-22,2025-12-11
PO-10077,SUP-015,PRD-024,734,320.83,2025-12-15,2025-12-28
PO-10078,SUP-014,PRD-048,525,348.36,2025-09-16,2025-10-14
PO-10079,SUP-014,PRD-028,253,503.87,2025-05-28,2025-06-26
PO-10080,SUP-013,PRD-005,101,89.56,2025-09-09,2025-10-03
PO-10081,SUP-007,PRD-040,369,286.53,2025-12-12,2025-12-31
PO-10082,SUP-007,PRD-042,742,78.96,2025-05-27,2025-06-12
PO-10083,SUP-001,PRD-034,771,383.16,2025-05-28,2025-06-10
PO-10084,SUP-017,PRD-050,904,301.71,2025-12-18,2026-01-12
PO-10085,SUP-013,PRD-043,372,297.06,2025-07-18,2025-08-04
PO-10086,SUP-006,PRD-050,217,329.09,2025-11-04,2025-11-29
PO-10087,SUP-006,PRD-024,709,302.48,2025-05-08,2025-05-22
PO-10088,SUP-017,PRD-005,683,90.13,2025-02-08,2025-02-23
PO-10089,SUP-009,PRD-007,317,219.95,2025-12-04,2025-12-18
PO-10090,SUP-010,PRD-019,193,242.99,2025-12-26,2026-01-19
PO-10091,SUP-008,PRD-022,361,356.68,2025-05-09,2025-05-22
PO-10092,SUP-003,PRD-025,128,135.13,2025-09-24,2025-10-15
PO-10093,SUP-014,PRD-032,883,142.2,2025-05-31,2025-06-18
PO-10094,SUP-011,PRD-014,297,334.93,2025-10-25,2025-11-21
PO-10095,SUP-010,PRD-013,531,395.72,2025-04-09,2025-04-21
PO-10096,SUP-018,PRD-003,94,142.56,2025-09-20,2025-09-30
PO-10097,SUP-013,PRD-022,731,368.06,2025-09-09,2025-10-07
PO-10098,SUP-012,PRD-003,773,150.02,2025-05-24,2025-06-07
PO-10099,SUP-013,PRD-016,961,347.32,2025-12-12,2025-12-22
PO-10100,SUP-017,PRD-042,303,77.63,2025-04-22,2025-05-17
PO-10101,SUP-002,PRD-023,198,319.98,2025-03-01,2025-03-21
PO-10102,SUP-006,PRD-016,57,350.44,2025-01-02,2025-01-15
PO-10103,SUP-010,PRD-045,625,102.11,2025-10-31,2025-11-16
PO-10104,SUP-008,PRD-049,637,452.83,2025-09-11,2025-09-22
PO-10105,SUP-011,PRD-043,510,327.64,2025-05-20,2025-06-14
PO-10106,SUP-004,PRD-022,853,321.64,2025-02-06,2025-02-27
PO-10107,SUP-002,PRD-031,429,132.35,2025-06-09,2025-07-04
PO-10108,SUP-015,PRD-010,91,11.38,2025-01-09,2025-01-27
PO-10109,SUP-013,PRD-029,535,407.17,2025-08-21,2025-09-04
PO-10110,SUP-018,PRD-008,478,202.64,2025-04-09,2025-04-22
PO-10111,SUP-006,PRD-039,131,259.75,2025-05-27,2025-06-17
PO-10112,SUP-008,PRD-003,858,143.14,2025-10-31,2025-11-28
PO-10113,SUP-007,PRD-026,359,271.57,2025-07-27,2025-08-08
PO-10114,SUP-012,PRD-032,888,136.61,2025-05-11,2025-05-30
PO-10115,SUP-010,PRD-021,640,187.52,2025-06-01,2025-06-20
PO-10116,SUP-016,PRD-032,115,132.04,2025-02-23,2025-03-08
PO-10117,SUP-011,PRD-045,912,114.01,2025-04-30,2025-05-22
PO-10118,SUP-016,PRD-024,269,294.43,2025-06-10,2025-06-27
PO-10119,SUP-005,PRD-046,596,458.33,2025-04-26,2025-05-09
PO-10120,SUP-016,PRD-006,85,13.67,2025-03-16,2025-04-10
PO-10121,SUP-019,PRD-011,61,101.64,2025-04-23,2025-05-05
PO-10122,SUP-005,PRD-022,854,367.95,2025-04-14,2025-05-01
PO-10123,SUP-012,PRD-018,935,412.64,2025-12-06,2025-12-18
PO-10124,SUP-013,PRD-016,738,341.75,2025-09-11,2025-09-25
PO-10125,SUP-015,PRD-004,830,153.32,2025-08-15,2025-08-26
PO-10126,SUP-019,PRD-017,932,481.74,2025-04-22,2025-05-09
PO-10127,SUP-003,PRD-004,438,162.79,2025-04-09,2025-05-08
PO-10128,SUP-013,PRD-050,638,303.12,2025-06-02,2025-06-29
PO-10129,SUP-015,PRD-012,662,381.78,2025-12-15,2025-12-26
PO-10130,SUP-020,PRD-013,785,393.08,2025-12-04,2025-12-30
PO-10131,SUP-014,PRD-049,755,449.95,2025-07-13,2025-07-30
PO-10132,SUP-011,PRD-007,661,221.93,2025-11-06,2025-11-27
PO-10133,SUP-013,PRD-021,781,188.06,2025-06-12,2025-06-29
PO-10134,SUP-010,PRD-022,90,340.2,2025-07-27,2025-08-21
PO-10135,SUP-013,PRD-020,153,51.15,2025-06-18,2025-07-10
PO-10136,SUP-019,PRD-013,782,416.19,2025-06-10,2025-06-28
PO-10137,SUP-001,PRD-024,445,283.13,2025-03-09,2025-03-25
PO-10138,SUP-007,PRD-004,647,150.44,2025-10-16,2025-11-02
PO-10139,SUP-017,PRD-036,805,227.79,2025-10-04,2025-10-24
PO-10140,SUP-010,PRD-013,277,431.83,2025-10-31,2025-11-19
PO-10141,SUP-011,PRD-022,841,368.85,2025-05-15,2025-06-04
PO-10142,SUP-009,PRD-020,622,56.87,2025-07-14,2025-07-30
PO-10143,SUP-007,PRD-012,725,347.55,2025-05-08,2025-05-23
PO-10144,SUP-020,PRD-027,226,201.79,2025-02-02,2025-03-03
PO-10145,SUP-011,PRD-009,177,150.39,2025-06-25,2025-07-13
PO-10146,SUP-010,PRD-016,841,353.07,2025-01-22,2025-02-13
PO-10147,SUP-002,PRD-023,348,359.25,2025-08-26,2025-09-11
PO-10148,SUP-009,PRD-036,490,236.29,2025-06-07,2025-06-21
PO-10149,SUP-009,PRD-046,154,510.02,2025-02-07,2025-02-18
PO-10150,SUP-014,PRD-045,509,113.06,2025-08-18,2025-09-06
PO-10151,SUP-002,PRD-025,463,144.69,2025-12-31,2026-01-17
PO-10152,SUP-011,PRD-011,69,105.66,2025-02-20,2025-03-16
PO-10153,SUP-014,PRD-035,126,62.73,2025-09-21,2025-10-16
PO-10154,SUP-006,PRD-038,840,454.35,2025-10-10,2025-11-02
PO-10155,SUP-001,PRD-039,632,258.26,2025-01-27,2025-02-24
PO-10156,SUP-015,PRD-050,701,319.75,2025-08-14,2025-09-10
PO-10157,SUP-012,PRD-039,584,228.78,2025-10-04,2025-10-17
PO-10158,SUP-014,PRD-045,717,115.59,2025-10-13,2025-10-27
PO-10159,SUP-003,PRD-040,274,302.41,2025-04-07,2025-04-18
PO-10160,SUP-015,PRD-008,148,208.64,2025-10-11,2025-11-07
PO-10161,SUP-001,PRD-021,841,204.45,2025-11-13,2025-12-01
PO-10162,SUP-010,PRD-017,775,463.09,2025-10-31,2025-11-14
PO-10163,SUP-015,PRD-020,194,55.9,2025-05-27,2025-06-19
PO-10164,SUP-004,PRD-008,66,200.97,2025-01-04,2025-01-26
PO-10165,SUP-011,PRD-015,615,446.55,2025-02-04,2025-02-21
PO-10166,SUP-018,PRD-042,721,72.41,2025-07-11,2025-07-30
PO-10167,SUP-008,PRD-012,805,391.95,2025-02-18,2025-03-18
PO-10168,SUP-014,PRD-023,712,352.7,2025-01-17,2025-02-13
PO-10169,SUP-007,PRD-036,947,239.58,2025-06-21,2025-07-07
PO-10170,SUP-016,PRD-007,430,213.27,2025-08-08,2025-08-29
PO-10171,SUP-011,PRD-015,729,459.89,2025-06-07,2025-07-05
PO-10172,SUP-018,PRD-028,655,464.9,2025-02-15,2025-03-14
PO-10173,SUP-013,PRD-018,537,421.53,2025-01-06,2025-01-18
PO-10174,SUP-003,PRD-023,102,360.1,2025-04-09,2025-05-01
PO-10175,SUP-014,PRD-015,469,504.41,2025-08-21,2025-09-11
PO-10176,SUP-009,PRD-034,351,360.33,2025-02-06,2025-02-28
PO-10177,SUP-001,PRD-015,366,505.99,2025-10-07,2025-10-28
PO-10178,SUP-004,PRD-047,688,302.0,2025-12-15,2026-01-02
PO-10179,SUP-007,PRD-023,104,329.0,2025-10-29,2025-11-20
PO-10180,SUP-012,PRD-043,494,305.01,2025-06-30,2025-07-15
PO-10181,SUP-015,PRD-013,593,402.91,2025-04-05,2025-05-04
PO-10182,SUP-010,PRD-028,692,497.99,2025-04-09,2025-05-08
PO-10183,SUP-010,PRD-030,565,350.81,2025-07-07,2025-07-31
PO-10184,SUP-005,PRD-048,796,362.08,2025-04-26,2025-05-17
PO-10185,SUP-014,PRD-041,460,368.02,2025-07-10,2025-07-29
PO-10186,SUP-016,PRD-012,466,354.73,2025-09-10,2025-09-26
PO-10187,SUP-017,PRD-009,595,160.9,2025-06-10,2025-06-26
PO-10188,SUP-013,PRD-041,422,348.98,2025-09-13,2025-10-04
PO-10189,SUP-016,PRD-003,916,152.41,2025-11-19,2025-12-06
PO-10190,SUP-002,PRD-010,750,12.39,2025-05-08,2025-05-21
PO-10191,SUP-008,PRD-037,515,109.17,2025-01-18,2025-01-30
PO-10192,SUP-018,PRD-003,695,152.22,2025-10-08,2025-10-24
PO-10193,SUP-005,PRD-024,991,313.58,2025-08-11,2025-09-03
PO-10194,SUP-008,PRD-026,73,273.36,2025-02-23,2025-03-19
PO-10195,SUP-004,PRD-050,695,305.74,2025-02-27,2025-03-15
PO-10196,SUP-010,PRD-032,169,138.13,2025-11-19,2025-12-18
PO-10197,SUP-011,PRD-036,450,213.56,2025-12-26,2026-01-05
PO-10198,SUP-003,PRD-004,273,152.69,2025-06-23,2025-07-07
PO-10199,SUP-004,PRD-005,648,87.66,2025-10-07,2025-11-05
PO-10200,SUP-013,PRD-047,594,326.57,2025-04-24,2025-05-15
PO-10201,SUP-005,PRD-023,383,330.52,2025-10-15,2025-11-03
PO-10202,SUP-003,PRD-024,235,287.88,2025-12-08,2025-12-22
PO-10203,SUP-016,PRD-039,247,240.15,2025-05-31,2025-06-10
PO-10204,SUP-019,PRD-011,77,101.37,2025-05-07,2025-06-03
PO-10205,SUP-003,PRD-036,307,244.26,2025-06-04,2025-06-21
PO-10206,SUP-014,PRD-026,513,292.3,2025-09-30,2025-10-11
PO-10207,SUP-007,PRD-027,833,198.73,2025-04-14,2025-05-05
PO-10208,SUP-013,PRD-043,155,289.97,2025-10-26,2025-11-17
PO-10209,SUP-018,PRD-046,826,450.28,2025-09-03,2025-09-14
PO-10210,SUP-017,PRD-031,877,124.73,2025-06-25,2025-07-22
PO-10211,SUP-012,PRD-025,174,142.55,2025-02-08,2025-02-19
PO-10212,SUP-002,PRD-032,922,128.95,2025-06-19,2025-07-15
PO-10213,SUP-002,PRD-040,594,294.72,2025-09-04,2025-09-26
PO-10214,SUP-004,PRD-026,64,287.93,2025-01-26,2025-02-07
PO-10215,SUP-010,PRD-041,198,373.27,2025-12-21,2026-01-07
PO-10216,SUP-005,PRD-047,693,307.21,2025-11-02,2025-11-20
PO-10217,SUP-003,PRD-042,698,72.25,2025-01-13,2025-01-29
PO-10218,SUP-001,PRD-009,365,164.16,2025-11-12,2025-12-07
PO-10219,SUP-020,PRD-002,65,328.48,2025-11-09,2025-11-23
PO-10220,SUP-008,PRD-012,568,364.09,2025-02-05,2025-02-28
PO-10221,SUP-018,PRD-045,438,100.94,2025-06-22,2025-07-11
PO-10222,SUP-012,PRD-023,858,345.39,2025-01-20,2025-02-09
PO-10223,SUP-013,PRD-020,480,53.08,2025-11-17,2025-12-15
PO-10224,SUP-016,PRD-044,543,265.22,2025-09-21,2025-10-16
PO-10225,SUP-010,PRD-005,273,88.49,2025-05-22,2025-06-14
PO-10226,SUP-015,PRD-046,99,480.84,2025-05-23,2025-06-17
PO-10227,SUP-005,PRD-015,58,445.2,2025-04-02,2025-04-20
PO-10228,SUP-009,PRD-042,810,80.54,2025-12-20,2026-01-03
PO-10229,SUP-003,PRD-006,799,12.33,2025-11-18,2025-12-10
PO-10230,SUP-001,PRD-033,508,23.98,2025-10-15,2025-10-25
PO-10231,SUP-002,PRD-044,322,263.61,2025-08-03,2025-08-27
PO-10232,SUP-018,PRD-039,425,257.03,2025-12-08,2026-01-06
PO-10233,SUP-011,PRD-044,834,295.61,2025-02-20,2025-03-18
PO-10234,SUP-014,PRD-015,670,501.38,2025-06-02,2025-06-12
PO-10235,SUP-019,PRD-021,214,205.62,2025-07-05,2025-07-20
PO-10236,SUP-014,PRD-032,997,129.56,2025-03-04,2025-03-22
PO-10237,SUP-003,PRD-010,910,12.09,2025-07-09,2025-08-07
PO-10238,SUP-014,PRD-050,88,319.38,2025-05-05,2025-05-24
PO-10239,SUP-012,PRD-030,790,377.97,2025-05-30,2025-06-28
PO-10240,SUP-001,PRD-046,463,464.8,2025-11-10,2025-12-03
PO-10241,SUP-011,PRD-023,614,335.67,2025-02-27,2025-03-11
PO-10242,SUP-004,PRD-004,939,160.28,2025-12-08,2025-12-30
PO-10243,SUP-002,PRD-022,685,349.6,2025-11-01,2025-11-11
PO-10244,SUP-006,PRD-037,892,109.75,2025-06-29,2025-07-26
PO-10245,SUP-011,PRD-008,279,211.31,2025-06-19,2025-07-04
PO-10246,SUP-002,PRD-038,844,429.34,2025-11-22,2025-12-17
PO-10247,SUP-020,PRD-006,77,12.53,2025-09-28,2025-10-15
PO-10248,SUP-015,PRD-008,472,207.99,2025-02-23,2025-03-08
PO-10249,SUP-012,PRD-047,429,326.87,2025-04-11,2025-05-05
PO-10250,SUP-007,PRD-032,561,138.08,2025-09-21,2025-10-12
PO-10251,SUP-018,PRD-042,297,70.31,2025-02-22,2025-03-12
PO-10252,SUP-007,PRD-036,111,213.52,2025-03-01,2025-03-15
PO-10253,SUP-019,PRD-024,751,291.52,2025-04-18,2025-05-17
PO-10254,SUP-001,PRD-038,253,455.15,2025-01-05,2025-01-17
PO-10255,SUP-016,PRD-045,694,109.68,2025-04-13,2025-05-03
PO-10256,SUP-003,PRD-010,641,11.55,2025-07-15,2025-07-31
PO-10257,SUP-007,PRD-026,548,308.22,2025-09-19,2025-10-16
PO-10258,SUP-003,PRD-017,99,469.03,2025-12-31,2026-01-21
PO-10259,SUP-014,PRD-012,603,347.97,2025-12-16,2026-01-08
PO-10260,SUP-002,PRD-044,420,273.29,2025-02-16,2025-03-12
PO-10261,SUP-005,PRD-009,626,153.8,2025-12-21,2026-01-06
PO-10262,SUP-019,PRD-023,477,335.84,2025-11-07,2025-12-05
PO-10263,SUP-002,PRD-046,567,473.75,2025-11-04,2025-11-16
PO-10264,SUP-015,PRD-030,873,393.05,2025-05-24,2025-06-12
PO-10265,SUP-006,PRD-009,400,155.27,2025-09-26,2025-10-16
PO-10266,SUP-016,PRD-007,972,230.78,2025-05-04,2025-05-30
PO-10267,SUP-017,PRD-002,809,331.31,2025-04-16,2025-05-02
PO-10268,SUP-007,PRD-022,934,343.23,2025-06-07,2025-06-27
PO-10269,SUP-018,PRD-042,852,70.58,2025-05-27,2025-06-06
PO-10270,SUP-016,PRD-006,87,13.89,2025-05-25,2025-06-04
PO-10271,SUP-014,PRD-024,579,303.01,2025-04-30,2025-05-18
PO-10272,SUP-006,PRD-034,266,363.79,2025-11-15,2025-11-25
PO-10273,SUP-015,PRD-030,165,365.97,2025-10-02,2025-10-14
PO-10274,SUP-009,PRD-003,812,144.91,2025-04-02,2025-04-18
PO-10275,SUP-011,PRD-005,61,83.42,2025-02-27,2025-03-09
PO-10276,SUP-020,PRD-034,575,375.32,2025-12-12,2025-12-24
PO-10277,SUP-007,PRD-042,752,76.39,2025-08-17,2025-08-30
PO-10278,SUP-007,PRD-037,642,100.46,2025-04-27,2025-05-16
PO-10279,SUP-009,PRD-048,902,382.25,2025-11-14,2025-12-05
PO-10280,SUP-003,PRD-008,70,204.74,2025-10-06,2025-11-03
PO-10281,SUP-004,PRD-005,412,94.92,2025-05-07,2025-05-21
PO-10282,SUP-016,PRD-032,334,139.51,2025-05-09,2025-05-22
PO-10283,SUP-003,PRD-012,64,372.79,2025-02-27,2025-03-11
PO-10284,SUP-006,PRD-019,766,223.5,2025-05-02,2025-05-15
PO-10285,SUP-007,PRD-050,111,340.0,2025-01-01,2025-01-28
PO-10286,SUP-012,PRD-032,438,141.89,2025-08-27,2025-09-15
PO-10287,SUP-020,PRD-035,574,58.29,2025-10-17,2025-11-11
PO-10288,SUP-007,PRD-044,303,279.12,2025-04-06,2025-04-16
PO-10289,SUP-012,PRD-024,100,311.69,2025-05-06,2025-06-01
PO-10290,SUP-018,PRD-004,523,164.55,2025-04-28,2025-05-25
PO-10291,SUP-018,PRD-009,205,147.95,2025-02-17,2025-03-08
PO-10292,SUP-013,PRD-023,182,361.11,2025-03-30,2025-04-28
PO-10293,SUP-006,PRD-036,904,240.45,2025-08-25,2025-09-16
PO-10294,SUP-009,PRD-039,178,246.7,2025-09-29,2025-10-15
PO-10295,SUP-001,PRD-031,309,121.05,2025-07-08,2025-07-27
PO-10296,SUP-006,PRD-050,889,304.97,2025-07-11,2025-07-28
PO-10297,SUP-004,PRD-015,64,482.66,2025-03-10,2025-03-21
PO-10298,SUP-001,PRD-038,366,441.48,2025-10-05,2025-10-31
PO-10299,SUP-003,PRD-046,258,512.74,2025-12-15,2026-01-09
PO-10300,SUP-009,PRD-013,768,403.36,2025-09-04,2025-10-01
PO-10301,SUP-007,PRD-032,127,140.83,2025-03-17,2025-04-11
PO-10302,SUP-018,PRD-023,615,348.67,2025-06-03,2025-06-22
PO-10303,SUP-011,PRD-032,496,132.89,2025-05-24,2025-06-20
PO-10304,SUP-018,PRD-035,924,61.3,2025-03-27,2025-04-18
PO-10305,SUP-020,PRD-034,92,344.69,2025-07-04,2025-07-30
PO-10306,SUP-010,PRD-005,92,92.78,2025-10-12,2025-11-08
PO-10307,SUP-003,PRD-047,603,326.82,2025-08-08,2025-08-25
PO-10308,SUP-008,PRD-044,779,278.26,2025-03-10,2025-04-03
PO-10309,SUP-020,PRD-010,273,12.12,2025-02-16,2025-03-13
PO-10310,SUP-017,PRD-024,967,292.52,2025-04-04,2025-05-02
PO-10311,SUP-008,PRD-036,429,227.82,2025-08-26,2025-09-07
PO-10312,SUP-015,PRD-046,617,468.35,2025-07-23,2025-08-06
PO-10313,SUP-012,PRD-044,626,287.54,2025-08-06,2025-08-19
PO-10314,SUP-003,PRD-033,628,24.57,2025-12-07,2025-12-20
PO-10315,SUP-013,PRD-012,998,374.54,2025-02-08,2025-02-25
PO-10316,SUP-003,PRD-040,652,311.16,2025-04-10,2025-04-22
PO-10317,SUP-013,PRD-028,712,512.97,2025-10-16,2025-11-02
PO-10318,SUP-002,PRD-030,195,376.12,2025-09-11,2025-10-01
PO-10319,SUP-013,PRD-010,830,11.64,2025-08-10,2025-09-08
PO-10320,SUP-009,PRD-027,351,191.68,2025-12-23,2026-01-15
PO-10321,SUP-017,PRD-021,682,203.29,2025-01-23,2025-02-21
PO-10322,SUP-005,PRD-019,138,227.67,2025-09-07,2025-09-20
PO-10323,SUP-010,PRD-010,145,12.94,2025-01-10,2025-02-06
PO-10324,SUP-005,PRD-046,437,494.74,2025-09-03,2025-09-16
PO-10325,SUP-001,PRD-024,463,317.57,2025-11-21,2025-12-09
PO-10326,SUP-013,PRD-030,763,365.27,2025-04-10,2025-04-20
PO-10327,SUP-004,PRD-036,784,212.89,2025-10-17,2025-10-28
PO-10328,SUP-008,PRD-035,706,60.01,2025-06-29,2025-07-26
PO-10329,SUP-001,PRD-045,524,102.93,2025-08-11,2025-08-26
PO-10330,SUP-012,PRD-046,879,480.24,2025-09-07,2025-09-24
PO-10331,SUP-016,PRD-032,987,138.75,2025-05-27,2025-06-15
PO-10332,SUP-012,PRD-050,604,333.3,2025-04-06,2025-04-21
PO-10333,SUP-008,PRD-007,475,206.91,2025-09-14,2025-09-29
PO-10334,SUP-020,PRD-042,457,72.66,2025-11-21,2025-12-18
PO-10335,SUP-018,PRD-019,864,238.38,2025-01-04,2025-01-17
PO-10336,SUP-009,PRD-006,879,13.78,2025-01-16,2025-01-29
PO-10337,SUP-019,PRD-026,265,290.78,2025-10-07,2025-10-24
PO-10338,SUP-003,PRD-042,562,80.8,2025-12-02,2025-12-24
PO-10339,SUP-005,PRD-049,412,440.75,2025-09-04,2025-09-27
PO-10340,SUP-010,PRD-011,698,102.38,2025-09-15,2025-10-08
PO-10341,SUP-011,PRD-008,928,210.67,2025-06-09,2025-06-26
PO-10342,SUP-005,PRD-016,985,326.47,2025-12-06,2025-12-27
PO-10343,SUP-014,PRD-015,320,472.25,2025-06-01,2025-06-15
PO-10344,SUP-013,PRD-041,371,378.83,2025-06-27,2025-07-25
PO-10345,SUP-001,PRD-008,395,214.86,2025-06-12,2025-07-05
PO-10346,SUP-012,PRD-001,249,476.36,2025-02-02,2025-02-18
PO-10347,SUP-004,PRD-036,531,233.62,2025-06-28,2025-07-09
PO-10348,SUP-015,PRD-050,686,302.12,2025-04-11,2025-05-10
PO-10349,SUP-014,PRD-046,496,507.79,2025-09-25,2025-10-13
PO-10350,SUP-011,PRD-045,601,102.09,2025-11-19,2025-12-11
PO-10351,SUP-020,PRD-045,803,114.8,2025-03-06,2025-03-26
PO-10352,SUP-016,PRD-033,468,27.09,2025-06-17,2025-07-06
PO-10353,SUP-006,PRD-029,909,429.09,2025-11-26,2025-12-06
PO-10354,SUP-011,PRD-034,315,384.47,2025-02-12,2025-03-03
PO-10355,SUP-018,PRD-029,700,458.01,2025-02-13,2025-03-07
PO-10356,SUP-008,PRD-034,855,355.75,2025-10-12,2025-11-05
PO-10357,SUP-013,PRD-020,823,53.95,2025-01-12,2025-02-09
PO-10358,SUP-002,PRD-013,630,410.42,2025-04-05,2025-04-15
PO-10359,SUP-001,PRD-001,798,523.19,2025-10-29,2025-11-23
PO-10360,SUP-010,PRD-018,126,464.29,2025-09-10,2025-10-07
PO-10361,SUP-003,PRD-038,473,486.9,2025-08-30,2025-09-24
PO-10362,SUP-018,PRD-010,706,12.92,2025-02-04,2025-02-18
PO-10363,SUP-014,PRD-034,449,342.98,2025-08-03,2025-08-24
PO-10364,SUP-010,PRD-028,103,530.48,2025-12-03,2025-12-16
PO-10365,SUP-019,PRD-034,523,386.45,2025-03-31,2025-04-22
PO-10366,SUP-012,PRD-017,594,448.97,2025-09-21,2025-10-19
PO-10367,SUP-019,PRD-021,518,199.41,2025-04-03,2025-04-19
PO-10368,SUP-002,PRD-011,521,105.55,2025-03-31,2025-04-29
PO-10369,SUP-016,PRD-025,431,135.15,2025-04-25,2025-05-17
PO-10370,SUP-010,PRD-048,548,351.02,2025-04-15,2025-05-06
PO-10371,SUP-009,PRD-042,326,70.78,2025-07-15,2025-08-04
PO-10372,SUP-015,PRD-002,281,308.03,2025-11-10,2025-12-09
PO-10373,SUP-008,PRD-024,834,317.67,2025-04-24,2025-05-21
PO-10374,SUP-004,PRD-012,181,354.2,2025-03-16,2025-04-11
PO-10375,SUP-004,PRD-046,91,459.95,2025-08-05,2025-09-02
PO-10376,SUP-019,PRD-034,938,356.18,2025-10-04,2025-10-29
PO-10377,SUP-009,PRD-044,772,271.76,2025-09-06,2025-10-02
PO-10378,SUP-018,PRD-007,835,210.1,2025-06-13,2025-07-01
PO-10379,SUP-008,PRD-047,168,304.79,2025-12-23,2026-01-14
PO-10380,SUP-008,PRD-032,925,126.89,2025-07-11,2025-08-05
PO-10381,SUP-009,PRD-034,458,366.5,2025-08-15,2025-09-07
PO-10382,SUP-006,PRD-029,299,445.84,2025-06-26,2025-07-24
PO-10383,SUP-010,PRD-001,477,477.02,2025-04-09,2025-04-24
PO-10384,SUP-019,PRD-037,442,109.84,2025-02-05,2025-02-23
PO-10385,SUP-005,PRD-015,351,447.25,2025-04-06,2025-04-19
PO-10386,SUP-008,PRD-039,324,252.28,2025-06-01,2025-06-24
PO-10387,SUP-009,PRD-031,234,125.74,2025-05-31,2025-06-29
PO-10388,SUP-003,PRD-023,277,327.03,2025-07-09,2025-07-31
PO-10389,SUP-004,PRD-011,273,98.95,2025-08-12,2025-08-27
PO-10390,SUP-014,PRD-022,888,350.82,2025-02-06,2025-02-16
PO-10391,SUP-001,PRD-019,743,216.94,2025-09-25,2025-10-17
PO-10392,SUP-014,PRD-009,226,148.18,2025-07-02,2025-07-24
PO-10393,SUP-007,PRD-028,855,512.93,2025-01-13,2025-02-02
PO-10394,SUP-003,PRD-012,110,354.34,2025-10-06,2025-10-24
PO-10395,SUP-002,PRD-050,187,338.34,2025-08-05,2025-09-02
PO-10396,SUP-008,PRD-032,598,128.84,2025-12-21,2026-01-17
PO-10397,SUP-012,PRD-024,313,296.75,2025-12-27,2026-01-15
PO-10398,SUP-015,PRD-029,585,424.67,2025-10-13,2025-11-04
PO-10399,SUP-017,PRD-021,729,188.31,2025-09-30,2025-10-20
PO-10400,SUP-009,PRD-042,913,78.44,2025-03-03,2025-03-24
PO-10401,SUP-013,PRD-029,438,463.02,2025-03-25,2025-04-12
PO-10402,SUP-004,PRD-026,587,300.76,2025-08-05,2025-08-15
PO-10403,SUP-005,PRD-042,995,74.41,2025-12-08,2025-12-22
PO-10404,SUP-006,PRD-030,529,393.41,2025-07-06,2025-07-26
PO-10405,SUP-006,PRD-029,97,428.33,2025-01-19,2025-02-15
PO-10406,SUP-014,PRD-041,670,333.77,2025-06-26,2025-07-16
PO-10407,SUP-004,PRD-045,145,113.99,2025-04-10,2025-04-29
PO-10408,SUP-015,PRD-020,171,54.64,2025-08-21,2025-08-31
PO-10409,SUP-006,PRD-049,878,420.24,2025-03-17,2025-04-15
PO-10410,SUP-004,PRD-049,796,463.77,2025-09-22,2025-10-18
PO-10411,SUP-018,PRD-044,180,278.02,2025-10-11,2025-10-25
PO-10412,SUP-001,PRD-003,867,151.39,2025-07-25,2025-08-05
PO-10413,SUP-011,PRD-021,687,190.01,2025-08-11,2025-09-08
PO-10414,SUP-010,PRD-005,790,94.27,2025-02-21,2025-03-14
PO-10415,SUP-009,PRD-023,107,332.47,2025-12-05,2025-12-30
PO-10416,SUP-017,PRD-032,673,140.11,2025-05-24,2025-06-07
PO-10417,SUP-002,PRD-001,659,523.08,2025-03-10,2025-04-04
PO-10418,SUP-017,PRD-006,340,13.74,2025-04-09,2025-04-25
PO-10419,SUP-006,PRD-025,163,143.91,2025-01-25,2025-02-10
PO-10420,SUP-017,PRD-029,601,415.42,2025-02-22,2025-03-10
PO-10421,SUP-012,PRD-049,83,475.0,2025-05-31,2025-06-29
PO-10422,SUP-007,PRD-045,289,107.46,2025-05-24,2025-06-21
PO-10423,SUP-020,PRD-013,281,433.29,2025-02-26,2025-03-13
PO-10424,SUP-016,PRD-004,426,151.19,2025-02-08,2025-02-23
PO-10425,SUP-002,PRD-042,413,75.2,2025-04-19,2025-05-10
PO-10426,SUP-017,PRD-006,575,13.24,2025-06-30,2025-07-16
PO-10427,SUP-002,PRD-018,492,444.33,2025-02-11,2025-02-27
PO-10428,SUP-008,PRD-049,620,444.25,2025-07-05,2025-07-25
PO-10429,SUP-005,PRD-042,642,71.99,2025-08-11,2025-09-02
PO-10430,SUP-006,PRD-013,134,427.75,2025-05-02,2025-05-15
PO-10431,SUP-019,PRD-035,836,57.53,2025-05-13,2025-05-29
PO-10432,SUP-007,PRD-002,800,334.25,2025-06-12,2025-07-10
PO-10433,SUP-014,PRD-044,927,293.31,2025-08-03,2025-08-19
PO-10434,SUP-007,PRD-028,109,479.66,2025-08-09,2025-08-31
PO-10435,SUP-016,PRD-034,530,391.92,2025-08-23,2025-09-02
PO-10436,SUP-020,PRD-034,622,376.72,2025-11-27,2025-12-24
PO-10437,SUP-018,PRD-001,771,494.04,2025-05-26,2025-06-23
PO-10438,SUP-006,PRD-038,641,433.75,2025-08-27,2025-09-21
PO-10439,SUP-003,PRD-031,245,121.0,2025-03-17,2025-03-30
PO-10440,SUP-003,PRD-044,952,271.04,2025-01-09,2025-02-04
PO-10441,SUP-009,PRD-002,654,301.31,2025-03-15,2025-04-09
PO-10442,SUP-014,PRD-016,408,355.34,2025-09-10,2025-09-21
PO-10443,SUP-012,PRD-050,840,342.72,2025-08-18,2025-09-15
PO-10444,SUP-013,PRD-015,612,502.49,2025-01-07,2025-01-29
PO-10445,SUP-011,PRD-044,374,297.99,2025-06-23,2025-07-05
PO-10446,SUP-017,PRD-014,641,323.27,2025-05-21,2025-06-06
PO-10447,SUP-016,PRD-028,265,490.74,2025-06-17,2025-07-07
PO-10448,SUP-014,PRD-023,59,325.31,2025-06-19,2025-07-14
PO-10449,SUP-008,PRD-031,62,120.1,2025-10-10,2025-10-24
PO-10450,SUP-016,PRD-050,453,345.23,2025-05-02,2025-05-16
PO-10451,SUP-018,PRD-014,453,309.81,2025-07-13,2025-08-04
PO-10452,SUP-004,PRD-017,340,438.06,2025-01-05,2025-01-23
PO-10453,SUP-012,PRD-042,360,71.36,2025-01-29,2025-02-19
PO-10454,SUP-011,PRD-038,311,435.2,2025-06-14,2025-07-07
PO-10455,SUP-002,PRD-048,893,365.5,2025-12-05,2025-12-20
PO-10456,SUP-003,PRD-043,574,318.46,2025-05-16,2025-06-07
PO-10457,SUP-013,PRD-021,204,180.93,2025-12-31,2026-01-28
PO-10458,SUP-020,PRD-010,147,11.65,2025-11-17,2025-12-08
PO-10459,SUP-016,PRD-037,101,109.49,2025-12-08,2026-01-03
PO-10460,SUP-004,PRD-006,333,13.47,2025-05-25,2025-06-16
PO-10461,SUP-009,PRD-011,711,99.64,2025-11-23,2025-12-05
PO-10462,SUP-001,PRD-038,660,457.37,2025-08-05,2025-08-26
PO-10463,SUP-015,PRD-028,335,477.16,2025-10-28,2025-11-21
PO-10464,SUP-010,PRD-008,159,213.81,2025-05-12,2025-05-23
PO-10465,SUP-012,PRD-049,146,449.26,2025-10-19,2025-11-16
PO-10466,SUP-002,PRD-034,329,379.47,2025-03-11,2025-04-01
PO-10467,SUP-001,PRD-012,731,379.07,2025-09-09,2025-10-02
PO-10468,SUP-016,PRD-001,940,464.85,2025-10-02,2025-10-20
PO-10469,SUP-012,PRD-018,86,454.47,2025-12-30,2026-01-27
PO-10470,SUP-019,PRD-025,71,139.61,2025-07-01,2025-07-20
PO-10471,SUP-015,PRD-009,739,159.79,2025-06-16,2025-06-28
PO-10472,SUP-009,PRD-014,541,331.73,2025-04-01,2025-04-30
PO-10473,SUP-001,PRD-047,172,290.2,2025-07-21,2025-08-02
PO-10474,SUP-010,PRD-041,942,380.3,2025-12-12,2025-12-31
PO-10475,SUP-005,PRD-042,893,80.67,2025-01-19,2025-02-14
PO-10476,SUP-013,PRD-010,806,12.2,2025-02-08,2025-02-27
PO-10477,SUP-006,PRD-034,867,374.93,2025-05-06,2025-05-31
PO-10478,SUP-015,PRD-044,505,266.37,2025-06-22,2025-07-20
PO-10479,SUP-005,PRD-016,315,359.61,2025-05-21,2025-06-05
PO-10480,SUP-016,PRD-047,529,317.27,2025-08-30,2025-09-15
PO-10481,SUP-004,PRD-010,722,12.09,2025-08-08,2025-08-24
PO-10482,SUP-002,PRD-044,427,274.12,2025-05-06,2025-05-16
PO-10483,SUP-016,PRD-006,162,13.21,2025-02-27,2025-03-21
PO-10484,SUP-006,PRD-016,245,328.98,2025-05-28,2025-06-08
PO-10485,SUP-002,PRD-045,541,109.18,2025-11-13,2025-11-23
PO-10486,SUP-009,PRD-034,481,391.47,2025-12-27,2026-01-06
PO-10487,SUP-008,PRD-050,610,312.09,2025-01-01,2025-01-22
PO-10488,SUP-020,PRD-048,105,369.31,2025-12-14,2025-12-28
PO-10489,SUP-018,PRD-038,188,471.24,2025-07-09,2025-07-22
PO-10490,SUP-004,PRD-018,68,435.36,2025-07-10,2025-08-05
PO-10491,SUP-011,PRD-037,50,102.03,2025-11-08,2025-11-24
PO-10492,SUP-016,PRD-010,72,12.85,2025-04-27,2025-05-08
PO-10493,SUP-018,PRD-048,742,368.88,2025-05-14,2025-06-07
PO-10494,SUP-011,PRD-022,76,329.51,2025-02-27,2025-03-13
PO-10495,SUP-014,PRD-045,421,113.76,2025-02-13,2025-03-05
PO-10496,SUP-005,PRD-032,664,133.6,2025-06-22,2025-07-16
PO-10497,SUP-016,PRD-032,616,133.7,2025-06-09,2025-07-04
PO-10498,SUP-012,PRD-047,932,312.38,2025-06-22,2025-07-04
PO-10499,SUP-012,PRD-030,350,345.24,2025-11-13,2025-12-04
PO-10500,SUP-004,PRD-018,959,406.58,2025-10-30,2025-11-11
PO-10501,SUP-009,PRD-016,600,326.32,2025-05-29,2025-06-16
PO-10502,SUP-009,PRD-036,918,231.36,2025-03-21,2025-04-06
PO-10503,SUP-006,PRD-024,549,288.02,2025-08-01,2025-08-25
PO-10504,SUP-003,PRD-031,441,117.14,2025-07-22,2025-08-03
PO-10505,SUP-019,PRD-026,406,303.68,2025-09-09,2025-09-25
PO-10506,SUP-017,PRD-009,890,161.34,2025-08-17,2025-09-07
PO-10507,SUP-017,PRD-036,456,226.84,2025-06-13,2025-06-26
PO-10508,SUP-007,PRD-050,195,334.25,2025-08-15,2025-09-08
PO-10509,SUP-003,PRD-028,935,505.39,2025-05-27,2025-06-15
PO-10510,SUP-009,PRD-048,420,361.71,2025-01-20,2025-02-02
PO-10511,SUP-008,PRD-001,82,488.61,2025-02-16,2025-03-10
PO-10512,SUP-016,PRD-027,633,213.41,2025-08-21,2025-09-04
PO-10513,SUP-017,PRD-017,890,482.78,2025-11-01,2025-11-22
PO-10514,SUP-001,PRD-043,732,324.4,2025-01-14,2025-02-11
PO-10515,SUP-011,PRD-025,483,138.69,2025-05-23,2025-06-10
PO-10516,SUP-015,PRD-001,626,487.49,2025-01-01,2025-01-19
PO-10517,SUP-013,PRD-001,270,505.37,2025-02-23,2025-03-24
PO-10518,SUP-002,PRD-013,166,407.41,2025-09-16,2025-09-29
PO-10519,SUP-013,PRD-021,804,188.8,2025-05-24,2025-06-12
PO-10520,SUP-007,PRD-002,67,298.52,2025-01-12,2025-01-25
PO-10521,SUP-001,PRD-038,321,447.18,2025-11-26,2025-12-09
PO-10522,SUP-006,PRD-009,388,162.63,2025-08-12,2025-08-29
PO-10523,SUP-019,PRD-011,791,112.17,2025-09-29,2025-10-17
PO-10524,SUP-017,PRD-011,862,113.66,2025-12-24,2026-01-12
PO-10525,SUP-007,PRD-031,735,133.88,2025-06-05,2025-07-01
PO-10526,SUP-011,PRD-017,58,456.65,2025-01-08,2025-01-31
PO-10527,SUP-006,PRD-035,938,58.01,2025-05-02,2025-05-17
PO-10528,SUP-016,PRD-031,960,125.91,2025-12-14,2025-12-25
PO-10529,SUP-008,PRD-014,256,331.24,2025-06-13,2025-07-05
PO-10530,SUP-018,PRD-012,77,342.39,2025-03-31,2025-04-19
PO-10531,SUP-013,PRD-031,818,119.86,2025-05-16,2025-06-04
PO-10532,SUP-015,PRD-001,357,521.79,2025-07-05,2025-07-25
PO-10533,SUP-007,PRD-007,792,227.68,2025-11-12,2025-12-03
PO-10534,SUP-002,PRD-020,767,57.24,2025-06-27,2025-07-18
PO-10535,SUP-002,PRD-001,849,517.99,2025-01-28,2025-02-17
PO-10536,SUP-013,PRD-048,870,362.13,2025-08-08,2025-08-18
PO-10537,SUP-004,PRD-008,344,218.21,2025-12-23,2026-01-07
PO-10538,SUP-015,PRD-042,592,74.44,2025-02-10,2025-02-23
PO-10539,SUP-009,PRD-025,354,136.77,2025-08-16,2025-08-28
PO-10540,SUP-013,PRD-007,783,214.23,2025-07-11,2025-08-02
PO-10541,SUP-001,PRD-049,205,479.54,2025-05-25,2025-06-08
PO-10542,SUP-001,PRD-011,320,104.99,2025-07-20,2025-08-06
PO-10543,SUP-016,PRD-017,500,449.33,2025-07-31,2025-08-13
PO-10544,SUP-015,PRD-007,896,228.26,2025-08-08,2025-09-02
PO-10545,SUP-008,PRD-038,446,449.29,2025-08-28,2025-09-24
PO-10546,SUP-008,PRD-010,176,11.85,2025-02-15,2025-03-03
PO-10547,SUP-012,PRD-034,885,349.44,2025-02-04,2025-02-25
PO-10548,SUP-001,PRD-028,765,521.0,2025-09-10,2025-10-01
PO-10549,SUP-020,PRD-033,534,26.73,2025-03-23,2025-04-14
PO-10550,SUP-020,PRD-044,972,259.66,2025-09-13,2025-10-04
PO-10551,SUP-011,PRD-014,316,321.68,2025-07-16,2025-07-26
PO-10552,SUP-018,PRD-010,449,12.44,2025-10-30,2025-11-09
PO-10553,SUP-010,PRD-006,400,12.83,2025-01-10,2025-01-26
PO-10554,SUP-020,PRD-027,154,208.09,2025-11-08,2025-11-29
PO-10555,SUP-004,PRD-018,543,423.89,2025-10-13,2025-10-29
PO-10556,SUP-002,PRD-038,884,483.67,2025-08-30,2025-09-25
PO-10557,SUP-005,PRD-028,700,473.3,2025-09-08,2025-09-24
PO-10558,SUP-019,PRD-050,712,306.07,2025-12-31,2026-01-10
PO-10559,SUP-001,PRD-002,978,330.52,2025-01-05,2025-01-31
PO-10560,SUP-009,PRD-046,742,478.11,2025-04-29,2025-05-13
PO-10561,SUP-013,PRD-046,421,475.52,2025-10-16,2025-10-29
PO-10562,SUP-019,PRD-039,727,258.32,2025-03-06,2025-04-03
PO-10563,SUP-015,PRD-035,834,65.52,2025-05-26,2025-06-20
PO-10564,SUP-011,PRD-009,769,146.19,2025-08-12,2025-08-30
PO-10565,SUP-008,PRD-049,550,465.25,2025-08-27,2025-09-06
PO-10566,SUP-009,PRD-031,400,130.56,2025-06-26,2025-07-14
PO-10567,SUP-005,PRD-021,216,195.73,2025-09-24,2025-10-05
PO-10568,SUP-019,PRD-008,52,219.34,2025-12-07,2025-12-18
PO-10569,SUP-005,PRD-039,983,256.4,2025-10-09,2025-11-05
PO-10570,SUP-013,PRD-030,266,361.93,2025-03-04,2025-03-14
PO-10571,SUP-007,PRD-009,396,160.13,2025-08-05,2025-08-16
PO-10572,SUP-003,PRD-020,290,55.86,2025-12-08,2026-01-01
PO-10573,SUP-010,PRD-009,177,160.15,2025-11-11,2025-12-10
PO-10574,SUP-005,PRD-003,418,138.83,2025-10-10,2025-10-31
PO-10575,SUP-012,PRD-031,768,127.3,2025-06-26,2025-07-21
PO-10576,SUP-016,PRD-027,93,202.61,2025-04-08,2025-04-29
PO-10577,SUP-012,PRD-004,408,148.03,2025-04-15,2025-05-11
PO-10578,SUP-006,PRD-042,220,72.66,2025-04-09,2025-05-06
PO-10579,SUP-015,PRD-048,276,335.24,2025-11-07,2025-11-27
PO-10580,SUP-010,PRD-041,930,349.49,2025-01-06,2025-01-23
PO-10581,SUP-015,PRD-042,865,76.33,2025-07-16,2025-08-02
PO-10582,SUP-019,PRD-020,340,53.85,2025-12-17,2026-01-15
PO-10583,SUP-015,PRD-010,728,11.74,2025-05-13,2025-06-01
PO-10584,SUP-020,PRD-039,300,239.57,2025-12-24,2026-01-09
PO-10585,SUP-018,PRD-050,570,345.19,2025-09-16,2025-10-15
PO-10586,SUP-018,PRD-030,486,393.13,2025-01-23,2025-02-14
PO-10587,SUP-020,PRD-029,121,440.36,2025-02-22,2025-03-22
PO-10588,SUP-004,PRD-036,570,214.91,2025-06-14,2025-06-24
PO-10589,SUP-004,PRD-022,68,331.22,2025-07-21,2025-08-02
PO-10590,SUP-011,PRD-015,718,477.31,2025-03-24,2025-04-03
PO-10591,SUP-014,PRD-012,105,383.05,2025-05-25,2025-06-17
PO-10592,SUP-017,PRD-012,882,367.36,2025-03-26,2025-04-17
PO-10593,SUP-014,PRD-049,306,443.2,2025-03-19,2025-04-02
PO-10594,SUP-008,PRD-013,979,416.5,2025-01-01,2025-01-14
PO-10595,SUP-003,PRD-020,120,54.58,2025-02-20,2025-03-02
PO-10596,SUP-015,PRD-018,186,439.55,2025-06-22,2025-07-03
PO-10597,SUP-014,PRD-020,778,53.03,2025-07-24,2025-08-19
PO-10598,SUP-012,PRD-035,432,65.64,2025-09-17,2025-10-15
PO-10599,SUP-019,PRD-002,745,331.25,2025-10-15,2025-11-13
PO-10600,SUP-020,PRD-001,337,465.15,2025-02-03,2025-03-03
PO-10601,SUP-014,PRD-035,666,63.41,2025-12-14,2025-12-28
PO-10602,SUP-003,PRD-038,815,486.52,2025-04-05,2025-04-17
PO-10603,SUP-003,PRD-026,152,294.89,2025-03-13,2025-04-11
PO-10604,SUP-003,PRD-018,807,436.34,2025-02-08,2025-03-02
PO-10605,SUP-006,PRD-027,80,206.75,2025-06-03,2025-06-20
PO-10606,SUP-018,PRD-012,512,357.71,2025-09-07,2025-09-28
PO-10607,SUP-005,PRD-033,85,24.18,2025-06-11,2025-06-29
PO-10608,SUP-008,PRD-008,60,211.29,2025-04-28,2025-05-15
PO-10609,SUP-017,PRD-029,370,453.0,2025-09-16,2025-09-30
PO-10610,SUP-018,PRD-040,159,281.33,2025-11-02,2025-11-26
PO-10611,SUP-003,PRD-020,170,55.3,2025-09-25,2025-10-22
PO-10612,SUP-014,PRD-040,641,272.76,2025-02-23,2025-03-07
PO-10613,SUP-010,PRD-001,906,484.64,2025-08-24,2025-09-05
PO-10614,SUP-004,PRD-014,464,308.44,2025-08-10,2025-09-06
PO-10615,SUP-020,PRD-008,963,191.9,2025-09-08,2025-10-03
PO-10616,SUP-014,PRD-050,943,299.87,2025-11-09,2025-12-01
PO-10617,SUP-006,PRD-034,480,344.68,2025-04-22,2025-05-12
PO-10618,SUP-007,PRD-030,399,368.49,2025-09-12,2025-09-22
PO-10619,SUP-019,PRD-027,729,208.44,2025-10-30,2025-11-28
PO-10620,SUP-015,PRD-031,816,130.4,2025-07-26,2025-08-16
PO-10621,SUP-019,PRD-050,167,319.13,2025-08-17,2025-08-31
PO-10622,SUP-015,PRD-038,268,490.34,2025-12-07,2025-12-31
PO-10623,SUP-015,PRD-044,580,264.91,2025-03-07,2025-03-19
PO-10624,SUP-003,PRD-012,766,380.46,2025-03-16,2025-04-07
PO-10625,SUP-005,PRD-023,564,357.22,2025-04-13,2025-05-06
PO-10626,SUP-016,PRD-028,905,532.91,2025-07-11,2025-07-26
PO-10627,SUP-015,PRD-045,482,103.62,2025-09-09,2025-09-20
PO-10628,SUP-003,PRD-022,588,347.46,2025-08-14,2025-09-09
PO-10629,SUP-019,PRD-028,123,461.94,2025-10-21,2025-11-13
PO-10630,SUP-013,PRD-050,770,308.71,2025-11-02,2025-11-23
PO-10631,SUP-004,PRD-045,428,108.69,2025-04-08,2025-04-30
PO-10632,SUP-007,PRD-002,406,330.79,2025-12-04,2025-12-26
PO-10633,SUP-012,PRD-048,645,378.82,2025-10-13,2025-10-27
PO-10634,SUP-012,PRD-041,489,348.52,2025-12-01,2025-12-17
PO-10635,SUP-004,PRD-001,74,513.31,2025-12-13,2026-01-01
PO-10636,SUP-001,PRD-014,230,303.77,2025-11-04,2025-11-26
PO-10637,SUP-003,PRD-049,855,483.49,2025-09-06,2025-10-02
PO-10638,SUP-018,PRD-024,560,315.11,2025-06-15,2025-06-25
PO-10639,SUP-001,PRD-026,429,298.67,2025-12-01,2025-12-20
PO-10640,SUP-006,PRD-039,657,252.15,2025-01-30,2025-02-14
PO-10641,SUP-013,PRD-014,910,297.77,2025-09-04,2025-09-23
PO-10642,SUP-009,PRD-046,752,453.92,2025-04-16,2025-05-08
PO-10643,SUP-006,PRD-035,707,58.65,2025-02-20,2025-03-11
PO-10644,SUP-007,PRD-005,660,95.22,2025-03-22,2025-04-10
PO-10645,SUP-002,PRD-023,305,339.07,2025-05-13,2025-05-23
PO-10646,SUP-020,PRD-016,670,318.94,2025-10-12,2025-11-06
PO-10647,SUP-020,PRD-013,412,376.69,2025-05-18,2025-06-05
PO-10648,SUP-013,PRD-040,152,286.98,2025-07-03,2025-07-27
PO-10649,SUP-018,PRD-028,923,516.98,2025-11-26,2025-12-19
PO-10650,SUP-015,PRD-024,57,284.0,2025-09-30,2025-10-24
PO-10651,SUP-008,PRD-019,932,222.7,2025-12-06,2025-12-18
PO-10652,SUP-013,PRD-006,500,13.57,2025-03-10,2025-03-23
PO-10653,SUP-019,PRD-047,531,326.95,2025-02-03,2025-03-04
PO-10654,SUP-004,PRD-002,525,322.08,2025-09-19,2025-10-01
PO-10655,SUP-001,PRD-027,622,209.46,2025-02-22,2025-03-07
PO-10656,SUP-006,PRD-008,863,213.58,2025-07-24,2025-08-06
PO-10657,SUP-002,PRD-025,469,147.19,2025-05-06,2025-05-31
PO-10658,SUP-007,PRD-004,965,161.07,2025-08-23,2025-09-06
PO-10659,SUP-019,PRD-009,910,159.61,2025-02-12,2025-03-02
PO-10660,SUP-017,PRD-005,72,84.52,2025-08-28,2025-09-16
PO-10661,SUP-012,PRD-028,667,520.32,2025-04-21,2025-05-10
PO-10662,SUP-005,PRD-036,750,232.9,2025-09-06,2025-10-01
PO-10663,SUP-013,PRD-014,501,305.24,2025-05-31,2025-06-12
PO-10664,SUP-008,PRD-038,473,488.14,2025-07-02,2025-07-29
PO-10665,SUP-005,PRD-008,131,208.8,2025-12-02,2025-12-14
PO-10666,SUP-020,PRD-024,185,283.08,2025-04-05,2025-04-16
PO-10667,SUP-017,PRD-009,646,160.07,2025-01-08,2025-01-26
PO-10668,SUP-020,PRD-013,142,427.48,2025-12-26,2026-01-11
PO-10669,SUP-013,PRD-022,209,335.94,2025-07-03,2025-07-18
PO-10670,SUP-015,PRD-037,606,104.88,2025-10-08,2025-10-24
PO-10671,SUP-017,PRD-016,710,316.77,2025-07-14,2025-08-01
PO-10672,SUP-007,PRD-026,247,300.96,2025-12-18,2026-01-10
PO-10673,SUP-005,PRD-036,995,234.99,2025-07-14,2025-07-28
PO-10674,SUP-015,PRD-038,882,443.73,2025-06-04,2025-06-23
PO-10675,SUP-008,PRD-008,594,201.82,2025-04-03,2025-04-20
PO-10676,SUP-015,PRD-041,121,381.7,2025-06-09,2025-07-05
PO-10677,SUP-014,PRD-030,839,350.94,2025-03-02,2025-03-14
PO-10678,SUP-015,PRD-038,896,470.97,2025-05-02,2025-05-14
PO-10679,SUP-020,PRD-005,571,89.84,2025-02-20,2025-03-18
PO-10680,SUP-009,PRD-013,468,387.16,2025-10-04,2025-10-16
PO-10681,SUP-013,PRD-043,237,297.8,2025-01-05,2025-01-29
PO-10682,SUP-010,PRD-041,678,356.18,2025-04-02,2025-04-16
PO-10683,SUP-006,PRD-039,216,246.24,2025-06-19,2025-07-11
PO-10684,SUP-009,PRD-013,872,431.03,2025-11-13,2025-12-04
PO-10685,SUP-019,PRD-038,410,441.97,2025-01-22,2025-02-03
PO-10686,SUP-016,PRD-046,992,465.96,2025-11-22,2025-12-17
PO-10687,SUP-005,PRD-005,140,83.58,2025-01-01,2025-01-21
PO-10688,SUP-007,PRD-016,133,358.41,2025-05-13,2025-06-10
PO-10689,SUP-010,PRD-043,871,322.12,2025-08-21,2025-09-15
PO-10690,SUP-017,PRD-012,143,370.31,2025-01-12,2025-02-07
PO-10691,SUP-014,PRD-043,491,302.63,2025-12-12,2025-12-29
PO-10692,SUP-003,PRD-041,592,335.69,2025-02-15,2025-03-10
PO-10693,SUP-007,PRD-014,339,303.99,2025-02-03,2025-02-26
PO-10694,SUP-017,PRD-024,958,305.15,2025-03-19,2025-04-09
PO-10695,SUP-004,PRD-042,997,72.78,2025-08-06,2025-08-31
PO-10696,SUP-012,PRD-045,457,115.28,2025-10-28,2025-11-09
PO-10697,SUP-001,PRD-018,867,449.58,2025-03-14,2025-04-12
PO-10698,SUP-003,PRD-003,304,141.32,2025-10-09,2025-10-23
PO-10699,SUP-005,PRD-030,580,360.16,2025-09-06,2025-10-02
PO-10700,SUP-010,PRD-020,446,57.3,2025-02-16,2025-03-15
PO-10701,SUP-004,PRD-003,552,135.31,2025-05-01,2025-05-30
PO-10702,SUP-015,PRD-001,148,481.12,2025-08-02,2025-08-14
PO-10703,SUP-006,PRD-049,885,430.42,2025-08-27,2025-09-10
PO-10704,SUP-001,PRD-016,303,327.88,2025-02-25,2025-03-24
PO-10705,SUP-009,PRD-037,147,106.01,2025-12-16,2026-01-11
PO-10706,SUP-015,PRD-005,296,88.87,2025-04-17,2025-05-11
PO-10707,SUP-011,PRD-033,67,25.96,2025-11-15,2025-12-02
PO-10708,SUP-010,PRD-017,945,487.9,2025-02-17,2025-03-04
PO-10709,SUP-020,PRD-048,296,341.6,2025-03-02,2025-03-15
PO-10710,SUP-009,PRD-012,495,381.75,2025-12-03,2026-01-01
PO-10711,SUP-002,PRD-028,80,464.56,2025-01-26,2025-02-17
PO-10712,SUP-001,PRD-008,168,214.26,2025-10-19,2025-11-07
PO-10713,SUP-010,PRD-010,605,13.0,2025-09-14,2025-09-27
PO-10714,SUP-012,PRD-045,197,111.49,2025-01-08,2025-02-05
PO-10715,SUP-020,PRD-015,476,450.0,2025-04-23,2025-05-19
PO-10716,SUP-007,PRD-022,549,350.21,2025-12-21,2026-01-11
PO-10717,SUP-020,PRD-031,629,115.99,2025-09-10,2025-09-24
PO-10718,SUP-018,PRD-038,382,479.09,2025-06-29,2025-07-23
PO-10719,SUP-010,PRD-005,823,83.44,2025-07-26,2025-08-21
PO-10720,SUP-018,PRD-041,547,365.82,2025-10-30,2025-11-15
PO-10721,SUP-002,PRD-017,502,485.63,2025-05-07,2025-05-23
PO-10722,SUP-011,PRD-032,68,130.07,2025-02-25,2025-03-15
PO-10723,SUP-008,PRD-001,376,482.91,2025-08-02,2025-08-27
PO-10724,SUP-016,PRD-006,152,13.33,2025-01-14,2025-02-05
PO-10725,SUP-008,PRD-031,761,117.3,2025-01-28,2025-02-19
PO-10726,SUP-001,PRD-003,143,155.4,2025-03-19,2025-04-07
PO-10727,SUP-016,PRD-050,152,301.07,2025-08-04,2025-09-02
PO-10728,SUP-003,PRD-018,814,424.4,2025-12-31,2026-01-17
PO-10729,SUP-016,PRD-015,992,484.11,2025-06-03,2025-06-18
PO-10730,SUP-014,PRD-040,203,299.24,2025-01-14,2025-02-06
PO-10731,SUP-013,PRD-006,96,12.34,2025-07-06,2025-08-03
PO-10732,SUP-002,PRD-026,936,283.59,2025-11-08,2025-11-19
PO-10733,SUP-002,PRD-046,404,507.4,2025-01-07,2025-01-20
PO-10734,SUP-008,PRD-023,338,336.73,2025-01-03,2025-01-14
PO-10735,SUP-006,PRD-024,251,293.3,2025-04-21,2025-05-14
PO-10736,SUP-003,PRD-022,732,333.13,2025-08-26,2025-09-08
PO-10737,SUP-018,PRD-028,178,514.72,2025-12-29,2026-01-22
PO-10738,SUP-018,PRD-037,580,109.31,2025-08-27,2025-09-21
PO-10739,SUP-006,PRD-019,937,244.07,2025-10-01,2025-10-21
PO-10740,SUP-016,PRD-006,861,13.3,2025-10-21,2025-11-01
PO-10741,SUP-018,PRD-038,349,490.05,2025-08-15,2025-09-09
PO-10742,SUP-007,PRD-025,362,136.57,2025-01-15,2025-01-26
PO-10743,SUP-015,PRD-010,61,12.32,2025-07-11,2025-08-09
PO-10744,SUP-017,PRD-022,382,351.6,2025-04-29,2025-05-09
PO-10745,SUP-008,PRD-006,899,13.01,2025-01-28,2025-02-19
PO-10746,SUP-009,PRD-024,100,284.19,2025-07-21,2025-08-18
PO-10747,SUP-009,PRD-002,785,322.65,2025-02-08,2025-02-18
PO-10748,SUP-016,PRD-041,85,351.93,2025-09-30,2025-10-21
PO-10749,SUP-004,PRD-041,499,347.16,2025-08-19,2025-09-06
PO-10750,SUP-009,PRD-016,968,323.72,2025-03-27,2025-04-16
PO-10751,SUP-012,PRD-006,605,12.26,2025-05-06,2025-05-28
PO-10752,SUP-001,PRD-019,466,245.43,2025-10-27,2025-11-08
PO-10753,SUP-015,PRD-019,936,228.03,2025-01-25,2025-02-04
PO-10754,SUP-017,PRD-039,304,231.83,2025-05-25,2025-06-06
PO-10755,SUP-002,PRD-022,668,355.45,2025-01-13,2025-01-28
PO-10756,SUP-019,PRD-003,230,143.22,2025-07-31,2025-08-17
PO-10757,SUP-016,PRD-004,268,163.26,2025-01-25,2025-02-11
PO-10758,SUP-011,PRD-012,703,346.61,2025-03-09,2025-03-25
PO-10759,SUP-005,PRD-017,330,475.48,2025-03-08,2025-03-29
PO-10760,SUP-015,PRD-033,857,26.4,2025-08-21,2025-09-10
PO-10761,SUP-014,PRD-016,155,336.78,2025-04-19,2025-05-06
PO-10762,SUP-014,PRD-010,289,11.79,2025-05-26,2025-06-08
PO-10763,SUP-006,PRD-040,287,295.27,2025-04-21,2025-05-07
PO-10764,SUP-019,PRD-043,703,307.19,2025-08-16,2025-08-31
PO-10765,SUP-010,PRD-021,206,190.58,2025-04-21,2025-05-15
PO-10766,SUP-009,PRD-011,946,109.35,2025-02-03,2025-02-21
PO-10767,SUP-006,PRD-029,245,456.3,2025-04-21,2025-05-03
PO-10768,SUP-010,PRD-047,399,320.71,2025-09-21,2025-10-04
PO-10769,SUP-001,PRD-040,425,296.24,2025-08-24,2025-09-07
PO-10770,SUP-004,PRD-017,767,469.28,2025-03-24,2025-04-22
PO-10771,SUP-017,PRD-049,111,457.11,2025-02-11,2025-03-06
PO-10772,SUP-014,PRD-023,985,320.84,2025-04-11,2025-04-22
PO-10773,SUP-007,PRD-040,507,297.82,2025-01-06,2025-01-29
PO-10774,SUP-007,PRD-035,408,65.87,2025-06-29,2025-07-17
PO-10775,SUP-020,PRD-010,319,11.9,2025-10-09,2025-10-19
PO-10776,SUP-015,PRD-007,703,235.75,2025-11-16,2025-12-15
PO-10777,SUP-010,PRD-002,856,327.07,2025-08-14,2025-09-09
PO-10778,SUP-012,PRD-013,985,434.65,2025-11-11,2025-12-09
PO-10779,SUP-009,PRD-034,660,389.33,2025-12-31,2026-01-15
PO-10780,SUP-020,PRD-046,763,516.25,2025-08-17,2025-09-14
PO-10781,SUP-014,PRD-001,194,523.27,2025-10-16,2025-10-28
PO-10782,SUP-015,PRD-011,676,106.1,2025-05-30,2025-06-26
PO-10783,SUP-003,PRD-021,539,181.84,2025-10-04,2025-10-22
PO-10784,SUP-010,PRD-022,604,351.64,2025-07-17,2025-08-04
PO-10785,SUP-007,PRD-042,613,76.63,2025-03-11,2025-04-09
PO-10786,SUP-002,PRD-024,656,286.57,2025-04-22,2025-05-03
PO-10787,SUP-008,PRD-008,730,214.06,2025-01-04,2025-01-18
PO-10788,SUP-001,PRD-040,883,277.6,2025-12-16,2026-01-13
PO-10789,SUP-007,PRD-031,74,121.08,2025-11-27,2025-12-19
PO-10790,SUP-017,PRD-019,870,250.22,2025-11-14,2025-12-13
PO-10791,SUP-006,PRD-019,369,242.79,2025-12-16,2026-01-03
PO-10792,SUP-002,PRD-040,404,299.09,2025-04-05,2025-04-16
PO-10793,SUP-007,PRD-035,758,58.08,2025-06-01,2025-06-14
PO-10794,SUP-010,PRD-008,652,210.45,2025-11-07,2025-11-18
PO-10795,SUP-010,PRD-044,282,273.99,2025-05-17,2025-06-04
PO-10796,SUP-010,PRD-030,929,390.11,2025-09-04,2025-09-19
PO-10797,SUP-002,PRD-042,285,70.74,2025-08-31,2025-09-19
PO-10798,SUP-004,PRD-002,316,316.53,2025-01-31,2025-02-11
PO-10799,SUP-017,PRD-042,667,72.16,2025-02-09,2025-02-20
PO-10800,SUP-016,PRD-016,596,348.59,2025-08-17,2025-09-09
PO-10801,SUP-001,PRD-001,747,461.35,2025-02-05,2025-02-26
PO-10802,SUP-002,PRD-012,183,391.91,2025-08-11,2025-08-26
PO-10803,SUP-007,PRD-037,932,113.36,2025-01-06,2025-02-01
PO-10804,SUP-009,PRD-041,235,378.72,2025-11-18,2025-12-17
PO-10805,SUP-006,PRD-049,174,444.38,2025-08-08,2025-08-26
PO-10806,SUP-002,PRD-034,67,369.02,2025-03-16,2025-04-11
PO-10807,SUP-012,PRD-031,749,117.62,2025-01-04,2025-01-26
PO-10808,SUP-005,PRD-017,185,438.38,2025-12-01,2025-12-17
PO-10809,SUP-005,PRD-035,385,65.71,2025-05-14,2025-05-28
PO-10810,SUP-019,PRD-038,889,435.79,2025-04-28,2025-05-12
PO-10811,SUP-014,PRD-037,108,111.72,2025-04-04,2025-04-26
PO-10812,SUP-015,PRD-041,693,356.89,2025-03-03,2025-03-26
PO-10813,SUP-015,PRD-037,634,107.64,2025-07-13,2025-08-06
PO-10814,SUP-015,PRD-013,938,417.13,2025-12-01,2025-12-11
PO-10815,SUP-007,PRD-044,671,278.27,2025-07-22,2025-08-02
PO-10816,SUP-005,PRD-013,824,392.23,2025-01-26,2025-02-07
PO-10817,SUP-006,PRD-021,421,195.63,2025-06-22,2025-07-02
PO-10818,SUP-014,PRD-011,473,110.91,2025-10-27,2025-11-16
PO-10819,SUP-016,PRD-001,315,462.48,2025-05-13,2025-06-05
PO-10820,SUP-006,PRD-001,367,506.88,2025-11-22,2025-12-18
PO-10821,SUP-020,PRD-031,146,118.63,2025-04-28,2025-05-25
PO-10822,SUP-004,PRD-034,258,367.37,2025-11-20,2025-12-14
PO-10823,SUP-019,PRD-013,421,389.29,2025-10-02,2025-10-15
PO-10824,SUP-020,PRD-022,616,354.3,2025-07-31,2025-08-21
PO-10825,SUP-014,PRD-002,307,290.71,2025-08-13,2025-09-07
PO-10826,SUP-005,PRD-018,710,430.34,2025-01-20,2025-02-18
PO-10827,SUP-001,PRD-038,365,467.83,2025-04-23,2025-05-22
PO-10828,SUP-006,PRD-039,76,244.66,2025-05-20,2025-06-05
PO-10829,SUP-020,PRD-026,454,269.77,2025-02-16,2025-03-14
PO-10830,SUP-004,PRD-037,139,107.67,2025-01-01,2025-01-26
PO-10831,SUP-019,PRD-034,235,354.33,2025-03-31,2025-04-17
PO-10832,SUP-004,PRD-029,291,452.41,2025-05-22,2025-06-17
PO-10833,SUP-007,PRD-048,199,370.42,2025-11-16,2025-11-30
PO-10834,SUP-010,PRD-014,108,302.83,2025-02-07,2025-03-05
PO-10835,SUP-006,PRD-033,898,24.84,2025-10-20,2025-10-30
PO-10836,SUP-005,PRD-019,777,217.46,2025-05-19,2025-06-05
PO-10837,SUP-001,PRD-046,820,464.29,2025-12-22,2026-01-09
PO-10838,SUP-008,PRD-025,330,149.96,2025-11-29,2025-12-26
PO-10839,SUP-007,PRD-043,647,311.99,2025-09-16,2025-09-27
PO-10840,SUP-018,PRD-024,88,307.68,2025-06-10,2025-07-01
PO-10841,SUP-002,PRD-013,307,390.48,2025-06-27,2025-07-15
PO-10842,SUP-016,PRD-050,218,344.91,2025-01-10,2025-01-28
PO-10843,SUP-017,PRD-041,783,339.77,2025-09-18,2025-10-05
PO-10844,SUP-010,PRD-015,163,490.67,2025-05-18,2025-06-05
PO-10845,SUP-003,PRD-031,357,128.04,2025-06-21,2025-07-02
PO-10846,SUP-012,PRD-003,121,150.01,2025-01-13,2025-02-06
PO-10847,SUP-004,PRD-006,88,13.02,2025-06-17,2025-06-28
PO-10848,SUP-003,PRD-014,991,301.28,2025-05-10,2025-05-28
PO-10849,SUP-010,PRD-011,680,107.47,2025-03-25,2025-04-09
PO-10850,SUP-018,PRD-001,917,511.16,2025-11-17,2025-12-02
PO-10851,SUP-018,PRD-012,587,382.07,2025-11-15,2025-11-25
PO-10852,SUP-002,PRD-016,516,342.95,2025-04-11,2025-05-01
PO-10853,SUP-016,PRD-042,630,70.36,2025-11-25,2025-12-11
PO-10854,SUP-002,PRD-015,392,459.52,2025-09-30,2025-10-27
PO-10855,SUP-003,PRD-029,257,420.47,2025-09-22,2025-10-13
PO-10856,SUP-001,PRD-047,53,328.65,2025-02-07,2025-02-21
PO-10857,SUP-019,PRD-007,397,217.31,2025-04-04,2025-04-17
PO-10858,SUP-007,PRD-049,463,469.76,2025-04-05,2025-05-04
PO-10859,SUP-007,PRD-024,591,293.8,2025-11-01,2025-11-13
PO-10860,SUP-002,PRD-017,713,449.49,2025-03-10,2025-03-27
PO-10861,SUP-012,PRD-008,142,209.92,2025-11-14,2025-12-06
PO-10862,SUP-003,PRD-001,859,508.59,2025-08-24,2025-09-12
PO-10863,SUP-019,PRD-016,393,336.27,2025-11-30,2025-12-21
PO-10864,SUP-009,PRD-025,988,153.17,2025-05-17,2025-05-30
PO-10865,SUP-018,PRD-042,213,73.73,2025-03-17,2025-04-09
PO-10866,SUP-017,PRD-025,268,138.15,2025-02-04,2025-03-01
PO-10867,SUP-013,PRD-024,938,311.61,2025-01-01,2025-01-19
PO-10868,SUP-011,PRD-038,533,482.03,2025-10-23,2025-11-09
PO-10869,SUP-002,PRD-041,248,349.21,2025-11-16,2025-12-04
PO-10870,SUP-001,PRD-041,902,369.9,2025-03-01,2025-03-29
PO-10871,SUP-014,PRD-012,176,377.62,2025-11-16,2025-12-08
PO-10872,SUP-018,PRD-031,614,120.92,2025-12-15,2025-12-26
PO-10873,SUP-003,PRD-044,213,288.16,2025-11-24,2025-12-19
PO-10874,SUP-019,PRD-008,554,192.79,2025-09-24,2025-10-19
PO-10875,SUP-004,PRD-024,483,282.81,2025-12-27,2026-01-09
PO-10876,SUP-013,PRD-013,961,395.9,2025-08-17,2025-09-08
PO-10877,SUP-019,PRD-042,559,73.4,2025-09-27,2025-10-08
PO-10878,SUP-017,PRD-020,831,50.5,2025-11-12,2025-11-24
PO-10879,SUP-010,PRD-041,519,341.53,2025-10-13,2025-11-06
PO-10880,SUP-006,PRD-024,569,292.95,2025-10-18,2025-10-29
PO-10881,SUP-018,PRD-004,847,163.61,2025-08-01,2025-08-23
PO-10882,SUP-017,PRD-009,181,163.32,2025-06-14,2025-07-11
PO-10883,SUP-008,PRD-032,402,139.85,2025-01-05,2025-01-18
PO-10884,SUP-016,PRD-016,679,349.65,2025-12-05,2025-12-16
PO-10885,SUP-020,PRD-017,787,447.61,2025-03-19,2025-04-17
PO-10886,SUP-002,PRD-019,362,227.57,2025-03-03,2025-03-23
PO-10887,SUP-003,PRD-032,689,132.22,2025-05-12,2025-05-26
PO-10888,SUP-014,PRD-033,639,23.77,2025-03-30,2025-04-20
PO-10889,SUP-013,PRD-027,118,195.33,2025-08-25,2025-09-21
PO-10890,SUP-016,PRD-025,182,145.03,2025-02-11,2025-03-01
PO-10891,SUP-001,PRD-028,701,515.87,2025-03-30,2025-04-24
PO-10892,SUP-010,PRD-009,142,164.68,2025-10-23,2025-11-07
PO-10893,SUP-004,PRD-034,733,352.69,2025-11-24,2025-12-09
PO-10894,SUP-020,PRD-004,440,160.97,2025-10-22,2025-11-03
PO-10895,SUP-016,PRD-034,162,392.2,2025-04-14,2025-04-24
PO-10896,SUP-015,PRD-029,390,436.72,2025-01-14,2025-01-30
PO-10897,SUP-004,PRD-033,371,26.44,2025-10-15,2025-10-29
PO-10898,SUP-018,PRD-040,139,301.76,2025-06-28,2025-07-13
PO-10899,SUP-011,PRD-037,667,102.38,2025-05-05,2025-05-23
PO-10900,SUP-002,PRD-022,808,337.62,2025-12-19,2026-01-07
PO-10901,SUP-001,PRD-026,804,271.78,2025-01-23,2025-02-05
PO-10902,SUP-019,PRD-035,903,63.17,2025-03-04,2025-04-02
PO-10903,SUP-009,PRD-027,183,193.11,2025-05-23,2025-06-18
PO-10904,SUP-006,PRD-042,434,77.06,2025-06-02,2025-07-01
PO-10905,SUP-013,PRD-021,494,196.8,2025-05-25,2025-06-15
PO-10906,SUP-018,PRD-014,537,320.52,2025-08-13,2025-09-07
PO-10907,SUP-017,PRD-035,749,60.82,2025-11-05,2025-11-28
PO-10908,SUP-009,PRD-014,414,308.78,2025-04-14,2025-05-05
PO-10909,SUP-009,PRD-029,74,438.87,2025-04-14,2025-05-10
PO-10910,SUP-004,PRD-032,179,144.6,2025-02-08,2025-02-20
PO-10911,SUP-008,PRD-047,427,298.8,2025-07-17,2025-07-29
PO-10912,SUP-006,PRD-040,843,297.64,2025-05-14,2025-05-25
PO-10913,SUP-018,PRD-030,491,376.7,2025-03-08,2025-03-20
PO-10914,SUP-018,PRD-005,582,88.69,2025-06-28,2025-07-21
PO-10915,SUP-002,PRD-019,578,218.79,2025-02-11,2025-03-01
PO-10916,SUP-004,PRD-020,656,53.84,2025-01-15,2025-01-27
PO-10917,SUP-011,PRD-045,79,109.09,2025-04-21,2025-05-03
PO-10918,SUP-001,PRD-016,285,312.73,2025-06-06,2025-06-18
PO-10919,SUP-017,PRD-044,223,287.11,2025-10-16,2025-11-11
PO-10920,SUP-003,PRD-048,643,333.85,2025-08-19,2025-08-29
PO-10921,SUP-003,PRD-037,132,110.1,2025-06-06,2025-07-02
PO-10922,SUP-005,PRD-040,244,301.7,2025-02-07,2025-02-21
PO-10923,SUP-012,PRD-018,227,411.04,2025-04-07,2025-04-25
PO-10924,SUP-004,PRD-021,650,191.65,2025-10-16,2025-11-02
PO-10925,SUP-005,PRD-020,182,52.48,2025-09-11,2025-10-01
PO-10926,SUP-007,PRD-025,248,137.38,2025-07-15,2025-08-04
PO-10927,SUP-019,PRD-009,143,150.65,2025-03-27,2025-04-20
PO-10928,SUP-013,PRD-020,815,53.66,2025-11-18,2025-12-01
PO-10929,SUP-013,PRD-035,593,58.72,2025-01-10,2025-01-25
PO-10930,SUP-020,PRD-041,163,337.72,2025-01-05,2025-01-30
PO-10931,SUP-013,PRD-007,192,214.98,2025-05-03,2025-05-16
PO-10932,SUP-015,PRD-032,853,137.93,2025-11-26,2025-12-12
PO-10933,SUP-017,PRD-014,432,291.88,2025-12-19,2025-12-31
PO-10934,SUP-002,PRD-030,928,371.49,2025-04-28,2025-05-11
PO-10935,SUP-008,PRD-026,870,304.81,2025-10-21,2025-11-06
PO-10936,SUP-003,PRD-005,854,92.54,2025-06-08,2025-07-07
PO-10937,SUP-018,PRD-032,834,138.12,2025-10-30,2025-11-11
PO-10938,SUP-017,PRD-002,232,293.14,2025-08-16,2025-09-01
PO-10939,SUP-008,PRD-025,101,148.38,2025-12-31,2026-01-27
PO-10940,SUP-019,PRD-015,983,473.69,2025-08-04,2025-08-17
PO-10941,SUP-012,PRD-017,966,492.86,2025-07-03,2025-07-29
PO-10942,SUP-016,PRD-048,727,343.78,2025-01-15,2025-01-27
PO-10943,SUP-016,PRD-026,130,304.39,2025-06-06,2025-06-29
PO-10944,SUP-017,PRD-026,913,301.57,2025-05-16,2025-06-12
PO-10945,SUP-005,PRD-033,881,27.25,2025-09-18,2025-09-30
PO-10946,SUP-008,PRD-021,230,182.58,2025-06-06,2025-07-03
PO-10947,SUP-007,PRD-034,899,353.38,2025-02-16,2025-03-08
PO-10948,SUP-001,PRD-008,226,195.26,2025-11-20,2025-12-16
PO-10949,SUP-019,PRD-031,309,132.16,2025-11-28,2025-12-22
PO-10950,SUP-015,PRD-039,848,249.72,2025-06-22,2025-07-17
PO-10951,SUP-002,PRD-038,950,462.96,2025-05-10,2025-06-06
PO-10952,SUP-006,PRD-013,444,433.99,2025-04-05,2025-04-20
PO-10953,SUP-019,PRD-049,385,475.17,2025-04-25,2025-05-12
PO-10954,SUP-015,PRD-013,928,413.58,2025-08-31,2025-09-20
PO-10955,SUP-019,PRD-006,219,12.77,2025-10-19,2025-11-03
PO-10956,SUP-002,PRD-045,843,109.52,2025-10-09,2025-10-28
PO-10957,SUP-015,PRD-013,365,422.63,2025-10-26,2025-11-08
PO-10958,SUP-004,PRD-022,207,361.48,2025-10-10,2025-10-21
PO-10959,SUP-013,PRD-044,973,280.51,2025-03-10,2025-03-21
PO-10960,SUP-017,PRD-042,421,80.84,2025-05-28,2025-06-20
PO-10961,SUP-006,PRD-003,108,145.28,2025-01-11,2025-01-30
PO-10962,SUP-012,PRD-025,508,145.77,2025-09-11,2025-10-10
PO-10963,SUP-013,PRD-009,156,157.47,2025-11-26,2025-12-10
PO-10964,SUP-016,PRD-016,566,327.79,2025-12-26,2026-01-19
PO-10965,SUP-007,PRD-043,962,324.14,2025-02-07,2025-02-25
PO-10966,SUP-003,PRD-017,214,479.49,2025-05-14,2025-06-04
PO-10967,SUP-019,PRD-013,894,425.99,2025-07-19,2025-08-02
PO-10968,SUP-012,PRD-038,193,476.91,2025-01-23,2025-02-18
PO-10969,SUP-002,PRD-036,459,233.94,2025-10-30,2025-11-16
PO-10970,SUP-015,PRD-014,699,303.35,2025-12-12,2025-12-27
PO-10971,SUP-017,PRD-025,367,150.04,2025-10-29,2025-11-10
PO-10972,SUP-016,PRD-037,439,103.85,2025-12-29,2026-01-24
PO-10973,SUP-020,PRD-021,343,202.63,2025-08-06,2025-08-27
PO-10974,SUP-002,PRD-009,492,147.82,2025-05-21,2025-06-11
PO-10975,SUP-002,PRD-002,441,297.51,2025-04-14,2025-05-07
PO-10976,SUP-015,PRD-007,492,221.82,2025-07-29,2025-08-18
PO-10977,SUP-003,PRD-049,70,431.04,2025-04-21,2025-05-03
PO-10978,SUP-009,PRD-015,215,469.14,2025-04-14,2025-05-11
PO-10979,SUP-011,PRD-032,324,140.11,2025-11-12,2025-12-11
PO-10980,SUP-009,PRD-039,106,228.61,2025-06-20,2025-07-06
PO-10981,SUP-002,PRD-001,553,526.33,2025-12-22,2026-01-20
PO-10982,SUP-006,PRD-018,726,413.89,2025-11-20,2025-12-18
PO-10983,SUP-018,PRD-027,479,186.2,2025-05-13,2025-06-06
PO-10984,SUP-010,PRD-009,455,163.57,2025-10-20,2025-11-15
PO-10985,SUP-006,PRD-004,410,155.77,2025-11-24,2025-12-11
PO-10986,SUP-008,PRD-023,66,346.52,2025-05-07,2025-05-21
PO-10987,SUP-012,PRD-009,132,150.04,2025-04-16,2025-04-26
PO-10988,SUP-011,PRD-023,151,335.46,2025-04-02,2025-04-15
PO-10989,SUP-013,PRD-043,801,329.57,2025-10-14,2025-11-10
PO-10990,SUP-012,PRD-043,976,313.11,2025-02-20,2025-03-16
PO-10991,SUP-016,PRD-030,220,350.73,2025-01-29,2025-02-27
PO-10992,SUP-001,PRD-050,761,320.53,2025-10-23,2025-11-17
PO-10993,SUP-002,PRD-038,63,459.71,2025-10-24,2025-11-17
PO-10994,SUP-014,PRD-034,872,376.18,2025-08-02,2025-08-31
PO-10995,SUP-009,PRD-045,107,111.3,2025-09-24,2025-10-11
PO-10996,SUP-001,PRD-026,127,284.67,2025-09-14,2025-09-26
PO-10997,SUP-010,PRD-011,591,109.22,2025-10-29,2025-11-25
PO-10998,SUP-018,PRD-002,116,330.66,2025-04-11,2025-05-10
PO-10999,SUP-003,PRD-010,303,12.84,2025-12-12,2026-01-01
PO-11000,SUP-003,PRD-015,665,463.82,2025-04-20,2025-04-30
PO-11001,SUP-007,PRD-048,822,351.96,2025-07-01,2025-07-18
PO-11002,SUP-012,PRD-020,343,54.07,2025-11-09,2025-12-03
PO-11003,SUP-006,PRD-017,314,498.89,2025-01-01,2025-01-18
PO-11004,SUP-008,PRD-014,70,296.31,2025-11-15,2025-12-06
PO-11005,SUP-009,PRD-033,630,25.97,2025-02-24,2025-03-09
PO-11006,SUP-019,PRD-050,464,335.16,2025-05-29,2025-06-17
PO-11007,SUP-007,PRD-020,938,56.13,2025-11-05,2025-12-04
PO-11008,SUP-019,PRD-001,540,470.46,2025-05-17,2025-06-06
PO-11009,SUP-019,PRD-048,331,336.34,2025-07-21,2025-08-06
PO-11010,SUP-001,PRD-048,364,379.7,2025-11-09,2025-12-05
PO-11011,SUP-012,PRD-032,144,144.49,2025-04-27,2025-05-09
PO-11012,SUP-003,PRD-029,788,408.44,2025-06-03,2025-06-29
PO-11013,SUP-010,PRD-025,235,149.31,2025-10-18,2025-11-13
PO-11014,SUP-019,PRD-040,764,271.62,2025-03-04,2025-03-22
PO-11015,SUP-017,PRD-046,406,465.42,2025-09-01,2025-09-28
PO-11016,SUP-014,PRD-040,871,296.49,2025-01-25,2025-02-06
PO-11017,SUP-018,PRD-037,995,104.83,2025-03-31,2025-04-14
PO-11018,SUP-006,PRD-026,691,307.73,2025-03-16,2025-03-31
PO-11019,SUP-020,PRD-045,912,109.88,2025-10-21,2025-11-08
PO-11020,SUP-009,PRD-049,744,442.34,2025-07-29,2025-08-27
PO-11021,SUP-012,PRD-042,588,70.82,2025-12-13,2025-12-27
PO-11022,SUP-008,PRD-006,249,13.02,2025-01-17,2025-01-30
PO-11023,SUP-008,PRD-001,595,506.12,2025-05-08,2025-06-02
PO-11024,SUP-016,PRD-048,389,351.81,2025-12-30,2026-01-27
PO-11025,SUP-018,PRD-046,746,453.14,2025-09-08,2025-10-07
PO-11026,SUP-008,PRD-041,78,335.18,2025-06-28,2025-07-08
PO-11027,SUP-003,PRD-011,182,113.07,2025-07-01,2025-07-25
PO-11028,SUP-013,PRD-004,941,161.05,2025-06-01,2025-06-16
PO-11029,SUP-007,PRD-034,659,366.21,2025-01-25,2025-02-09
PO-11030,SUP-006,PRD-035,803,62.49,2025-06-29,2025-07-18
PO-11031,SUP-007,PRD-023,881,332.94,2025-07-17,2025-08-10
PO-11032,SUP-004,PRD-040,244,309.09,2025-12-10,2025-12-31
PO-11033,SUP-004,PRD-003,756,155.17,2025-06-10,2025-07-03
PO-11034,SUP-018,PRD-036,100,221.23,2025-06-26,2025-07-23
PO-11035,SUP-009,PRD-025,876,150.61,2025-10-12,2025-11-10
PO-11036,SUP-011,PRD-024,104,324.02,2025-03-04,2025-03-29
PO-11037,SUP-010,PRD-025,683,141.94,2025-05-30,2025-06-26
PO-11038,SUP-006,PRD-018,774,410.22,2025-06-03,2025-06-25
PO-11039,SUP-015,PRD-047,603,308.14,2025-06-05,2025-06-17
PO-11040,SUP-016,PRD-033,808,26.24,2025-02-18,2025-03-02
PO-11041,SUP-020,PRD-005,251,93.93,2025-12-03,2025-12-22
PO-11042,SUP-003,PRD-039,994,250.85,2025-03-25,2025-04-08
PO-11043,SUP-016,PRD-039,793,254.68,2025-12-27,2026-01-12
PO-11044,SUP-005,PRD-043,234,308.96,2025-06-26,2025-07-21
PO-11045,SUP-008,PRD-047,841,288.9,2025-05-28,2025-06-14
PO-11046,SUP-009,PRD-003,260,154.0,2025-04-28,2025-05-10
PO-11047,SUP-003,PRD-021,151,207.25,2025-12-08,2025-12-30
PO-11048,SUP-006,PRD-013,57,385.15,2025-03-04,2025-03-15
PO-11049,SUP-009,PRD-012,747,350.48,2025-07-08,2025-07-27
PO-11050,SUP-011,PRD-008,967,214.75,2025-12-26,2026-01-07
PO-11051,SUP-019,PRD-001,230,486.87,2025-02-18,2025-03-07
PO-11052,SUP-019,PRD-028,712,473.79,2025-11-23,2025-12-21
PO-11053,SUP-007,PRD-017,579,435.19,2025-09-14,2025-10-02
PO-11054,SUP-020,PRD-017,824,449.82,2025-08-12,2025-09-08
PO-11055,SUP-020,PRD-033,704,25.54,2025-05-21,2025-06-12
PO-11056,SUP-017,PRD-021,521,200.77,2025-08-03,2025-08-23
PO-11057,SUP-013,PRD-040,260,298.33,2025-07-30,2025-08-16
PO-11058,SUP-019,PRD-047,61,315.83,2025-11-14,2025-12-03
PO-11059,SUP-014,PRD-047,400,317.33,2025-02-01,2025-02-17
PO-11060,SUP-003,PRD-030,371,374.18,2025-06-07,2025-06-21
PO-11061,SUP-011,PRD-046,136,459.18,2025-10-12,2025-11-07
PO-11062,SUP-009,PRD-023,215,357.46,2025-11-01,2025-11-19
PO-11063,SUP-019,PRD-007,110,217.57,2025-10-13,2025-10-24
PO-11064,SUP-004,PRD-003,915,145.37,2025-05-24,2025-06-04
PO-11065,SUP-008,PRD-035,704,59.04,2025-01-19,2025-02-09
PO-11066,SUP-017,PRD-005,236,91.54,2025-01-18,2025-01-30
PO-11067,SUP-010,PRD-041,418,360.66,2025-09-14,2025-10-04
PO-11068,SUP-011,PRD-016,595,333.79,2025-03-19,2025-04-05
PO-11069,SUP-005,PRD-024,670,303.19,2025-06-24,2025-07-13
PO-11070,SUP-015,PRD-023,930,320.66,2025-07-13,2025-07-27
PO-11071,SUP-011,PRD-003,131,137.71,2025-04-23,2025-05-10
PO-11072,SUP-008,PRD-016,954,320.87,2025-04-24,2025-05-12
PO-11073,SUP-004,PRD-008,312,200.11,2025-08-10,2025-08-29
PO-11074,SUP-008,PRD-006,892,12.23,2025-06-15,2025-07-05
PO-11075,SUP-016,PRD-033,514,27.34,2025-11-15,2025-11-25
PO-11076,SUP-013,PRD-009,648,164.0,2025-05-12,2025-06-09
PO-11077,SUP-012,PRD-001,167,481.63,2025-09-21,2025-10-19
PO-11078,SUP-011,PRD-029,167,421.41,2025-02-24,2025-03-25
PO-11079,SUP-009,PRD-033,565,24.03,2025-12-25,2026-01-13
PO-11080,SUP-010,PRD-025,220,149.45,2025-05-11,2025-06-05
PO-11081,SUP-017,PRD-002,710,324.45,2025-10-15,2025-11-12
PO-11082,SUP-014,PRD-043,111,333.86,2025-09-23,2025-10-03
PO-11083,SUP-007,PRD-030,129,381.3,2025-06-11,2025-07-01
PO-11084,SUP-011,PRD-012,742,354.52,2025-03-28,2025-04-12
PO-11085,SUP-010,PRD-010,241,12.07,2025-02-24,2025-03-12
PO-11086,SUP-008,PRD-048,396,335.84,2025-10-15,2025-11-03
PO-11087,SUP-018,PRD-003,159,143.82,2025-06-27,2025-07-16
PO-11088,SUP-019,PRD-006,360,13.89,2025-12-15,2026-01-10
PO-11089,SUP-003,PRD-028,656,508.25,2025-01-08,2025-01-26
PO-11090,SUP-006,PRD-014,618,320.25,2025-11-17,2025-12-03
PO-11091,SUP-012,PRD-035,462,59.14,2025-11-09,2025-11-21
PO-11092,SUP-002,PRD-039,870,246.67,2025-09-04,2025-09-23
PO-11093,SUP-007,PRD-020,315,52.99,2025-11-19,2025-12-06
PO-11094,SUP-010,PRD-017,881,440.96,2025-09-12,2025-10-01
PO-11095,SUP-003,PRD-024,113,323.36,2025-11-24,2025-12-19
PO-11096,SUP-018,PRD-020,465,49.74,2025-02-23,2025-03-10
PO-11097,SUP-010,PRD-025,849,141.37,2025-09-06,2025-09-27
PO-11098,SUP-013,PRD-019,263,233.97,2025-08-27,2025-09-24
PO-11099,SUP-020,PRD-040,205,306.54,2025-08-17,2025-09-07
PO-11100,SUP-016,PRD-043,918,334.42,2025-03-08,2025-03-19
PO-11101,SUP-011,PRD-040,630,301.57,2025-02-20,2025-03-16
PO-11102,SUP-011,PRD-004,587,159.01,2025-04-07,2025-05-03
PO-11103,SUP-002,PRD-023,841,368.0,2025-04-02,2025-04-19
PO-11104,SUP-008,PRD-019,209,228.65,2025-09-21,2025-10-02
PO-11105,SUP-001,PRD-025,252,146.19,2025-10-18,2025-11-15
PO-11106,SUP-008,PRD-016,451,355.51,2025-04-06,2025-04-19
PO-11107,SUP-011,PRD-026,759,283.91,2025-03-29,2025-04-11
PO-11108,SUP-016,PRD-022,190,357.52,2025-03-19,2025-04-08
PO-11109,SUP-008,PRD-022,595,345.58,2025-10-15,2025-11-05
PO-11110,SUP-010,PRD-050,694,307.11,2025-04-30,2025-05-16
PO-11111,SUP-020,PRD-026,656,306.16,2025-10-29,2025-11-24
PO-11112,SUP-016,PRD-022,235,356.71,2025-06-14,2025-06-25
PO-11113,SUP-007,PRD-042,443,72.88,2025-07-01,2025-07-17
PO-11114,SUP-008,PRD-049,434,474.44,2025-08-11,2025-09-09
PO-11115,SUP-005,PRD-016,348,311.1,2025-11-07,2025-11-24
PO-11116,SUP-016,PRD-014,972,316.54,2025-01-07,2025-02-02
PO-11117,SUP-020,PRD-019,977,249.9,2025-11-26,2025-12-19
PO-11118,SUP-014,PRD-039,182,229.55,2025-09-20,2025-10-06
PO-11119,SUP-006,PRD-035,627,58.04,2025-06-10,2025-06-22
PO-11120,SUP-015,PRD-015,129,505.33,2025-05-31,2025-06-24
PO-11121,SUP-018,PRD-027,294,202.24,2025-03-26,2025-04-23
PO-11122,SUP-013,PRD-010,965,12.18,2025-05-27,2025-06-11
PO-11123,SUP-011,PRD-009,507,149.65,2025-04-22,2025-05-17
PO-11124,SUP-009,PRD-011,259,98.81,2025-02-05,2025-02-16
PO-11125,SUP-009,PRD-043,89,290.27,2025-10-12,2025-11-10
PO-11126,SUP-008,PRD-020,285,52.39,2025-07-07,2025-07-27
PO-11127,SUP-002,PRD-027,81,211.22,2025-03-23,2025-04-12
PO-11128,SUP-009,PRD-014,483,294.72,2025-01-02,2025-01-14
PO-11129,SUP-002,PRD-013,855,376.45,2025-10-30,2025-11-18
PO-11130,SUP-010,PRD-020,651,56.63,2025-07-16,2025-08-05
PO-11131,SUP-008,PRD-044,894,272.25,2025-01-11,2025-01-28
PO-11132,SUP-013,PRD-009,128,143.74,2025-08-22,2025-09-08
PO-11133,SUP-014,PRD-010,139,12.0,2025-07-14,2025-07-29
PO-11134,SUP-008,PRD-014,290,321.82,2025-04-29,2025-05-09
PO-11135,SUP-014,PRD-044,411,263.5,2025-01-20,2025-02-16
PO-11136,SUP-018,PRD-009,915,144.17,2025-09-18,2025-09-30
PO-11137,SUP-003,PRD-016,486,315.92,2025-10-20,2025-10-30
PO-11138,SUP-014,PRD-030,883,350.43,2025-09-13,2025-10-12
PO-11139,SUP-004,PRD-003,880,152.46,2025-08-10,2025-09-01
PO-11140,SUP-012,PRD-025,508,148.4,2025-08-14,2025-09-10
PO-11141,SUP-005,PRD-018,872,465.17,2025-02-22,2025-03-10
PO-11142,SUP-002,PRD-046,527,489.98,2025-12-21,2026-01-03
PO-11143,SUP-009,PRD-012,742,347.27,2025-12-08,2026-01-05
PO-11144,SUP-010,PRD-020,711,53.07,2025-12-30,2026-01-25
PO-11145,SUP-014,PRD-045,224,104.04,2025-10-07,2025-11-02
PO-11146,SUP-011,PRD-020,424,55.61,2025-03-22,2025-04-19
PO-11147,SUP-020,PRD-040,89,297.79,2025-07-21,2025-08-08
PO-11148,SUP-006,PRD-014,722,294.36,2025-06-07,2025-06-24
PO-11149,SUP-018,PRD-016,395,336.05,2025-04-30,2025-05-21
PO-11150,SUP-019,PRD-035,253,64.9,2025-02-28,2025-03-25
PO-11151,SUP-007,PRD-019,975,243.23,2025-08-03,2025-08-24
PO-11152,SUP-006,PRD-021,670,188.48,2025-05-08,2025-06-01
PO-11153,SUP-010,PRD-024,617,314.46,2025-08-12,2025-08-24
PO-11154,SUP-010,PRD-039,984,257.2,2025-07-28,2025-08-15
PO-11155,SUP-001,PRD-028,462,518.09,2025-04-25,2025-05-23
PO-11156,SUP-019,PRD-030,737,369.7,2025-07-28,2025-08-15
PO-11157,SUP-014,PRD-031,131,131.03,2025-01-14,2025-01-30
PO-11158,SUP-004,PRD-026,641,298.02,2025-01-09,2025-02-01
PO-11159,SUP-020,PRD-048,316,363.77,2025-02-09,2025-02-26
PO-11160,SUP-020,PRD-015,443,486.02,2025-08-25,2025-09-21
PO-11161,SUP-002,PRD-035,381,64.52,2025-10-08,2025-10-29
PO-11162,SUP-015,PRD-018,811,451.06,2025-12-25,2026-01-22
PO-11163,SUP-007,PRD-003,395,136.79,2025-07-20,2025-08-18
PO-11164,SUP-009,PRD-030,398,393.06,2025-09-03,2025-09-29
PO-11165,SUP-020,PRD-034,846,389.64,2025-10-05,2025-10-26
PO-11166,SUP-004,PRD-024,705,301.43,2025-08-23,2025-09-12
PO-11167,SUP-003,PRD-009,449,154.92,2025-01-04,2025-01-21
PO-11168,SUP-006,PRD-021,798,186.09,2025-06-03,2025-06-24
PO-11169,SUP-003,PRD-017,299,502.31,2025-01-29,2025-02-09
PO-11170,SUP-010,PRD-001,346,506.04,2025-04-19,2025-05-08
PO-11171,SUP-008,PRD-034,942,353.07,2025-04-08,2025-04-21
PO-11172,SUP-019,PRD-046,224,471.04,2025-08-03,2025-09-01
PO-11173,SUP-005,PRD-048,373,333.96,2025-10-20,2025-11-03
PO-11174,SUP-012,PRD-029,756,454.46,2025-03-16,2025-04-08
PO-11175,SUP-020,PRD-028,283,506.39,2025-11-22,2025-12-10
PO-11176,SUP-013,PRD-022,646,330.62,2025-05-26,2025-06-10
PO-11177,SUP-014,PRD-023,981,325.45,2025-05-08,2025-05-28
PO-11178,SUP-020,PRD-028,184,506.73,2025-12-07,2025-12-24
PO-11179,SUP-005,PRD-034,135,360.99,2025-02-11,2025-03-12
PO-11180,SUP-012,PRD-034,956,349.19,2025-12-22,2026-01-08
PO-11181,SUP-003,PRD-011,169,111.29,2025-02-10,2025-02-20
PO-11182,SUP-008,PRD-044,572,277.92,2025-02-03,2025-02-23
PO-11183,SUP-010,PRD-042,358,71.28,2025-01-17,2025-01-28
PO-11184,SUP-009,PRD-027,385,187.98,2025-06-14,2025-07-12
PO-11185,SUP-009,PRD-005,408,83.52,2025-06-02,2025-06-23
PO-11186,SUP-003,PRD-026,953,284.8,2025-03-17,2025-04-13
PO-11187,SUP-006,PRD-027,928,209.11,2025-03-28,2025-04-23
PO-11188,SUP-009,PRD-035,957,62.56,2025-04-27,2025-05-24
PO-11189,SUP-011,PRD-007,967,208.42,2025-12-28,2026-01-18
PO-11190,SUP-007,PRD-030,265,392.89,2025-12-08,2025-12-26
PO-11191,SUP-014,PRD-050,592,313.01,2025-01-27,2025-02-07
PO-11192,SUP-010,PRD-024,567,297.93,2025-11-09,2025-11-28
PO-11193,SUP-020,PRD-011,479,102.73,2025-10-14,2025-10-29
PO-11194,SUP-008,PRD-040,303,290.21,2025-05-14,2025-05-27
PO-11195,SUP-008,PRD-015,319,478.68,2025-08-07,2025-08-19
PO-11196,SUP-002,PRD-006,529,12.7,2025-06-17,2025-07-13
PO-11197,SUP-004,PRD-001,666,527.69,2025-04-08,2025-05-03
PO-11198,SUP-019,PRD-037,640,110.31,2025-09-25,2025-10-22
PO-11199,SUP-006,PRD-044,501,264.53,2025-08-25,2025-09-20
PO-11200,SUP-016,PRD-031,438,128.24,2025-11-05,2025-12-01
PO-11201,SUP-019,PRD-019,266,240.58,2025-06-22,2025-07-11
PO-11202,SUP-014,PRD-041,248,369.89,2025-07-09,2025-07-29
PO-11203,SUP-018,PRD-020,410,56.4,2025-05-02,2025-05-16
PO-11204,SUP-020,PRD-043,62,331.53,2025-02-15,2025-02-27
PO-11205,SUP-003,PRD-015,915,465.89,2025-03-05,2025-03-22
PO-11206,SUP-010,PRD-037,283,100.4,2025-05-10,2025-05-22
PO-11207,SUP-005,PRD-050,392,335.92,2025-11-06,2025-11-17
PO-11208,SUP-003,PRD-002,876,335.73,2025-12-29,2026-01-27
PO-11209,SUP-007,PRD-050,595,313.16,2025-07-12,2025-08-07
PO-11210,SUP-019,PRD-028,50,502.68,2025-11-03,2025-11-27
PO-11211,SUP-020,PRD-005,775,90.8,2025-06-30,2025-07-11
PO-11212,SUP-015,PRD-039,669,257.61,2025-10-19,2025-11-09
PO-11213,SUP-005,PRD-035,299,59.01,2025-10-09,2025-10-25
PO-11214,SUP-013,PRD-050,402,333.15,2025-01-29,2025-02-10
PO-11215,SUP-016,PRD-004,841,144.63,2025-05-29,2025-06-24
PO-11216,SUP-005,PRD-027,419,207.75,2025-09-24,2025-10-12
PO-11217,SUP-003,PRD-008,946,197.53,2025-10-23,2025-11-03
PO-11218,SUP-003,PRD-014,472,298.82,2025-01-11,2025-01-23
PO-11219,SUP-019,PRD-034,143,381.85,2025-06-13,2025-07-02
PO-11220,SUP-001,PRD-006,338,13.36,2025-04-23,2025-05-11
PO-11221,SUP-010,PRD-024,896,323.51,2025-07-06,2025-07-21
PO-11222,SUP-014,PRD-035,783,61.67,2025-10-22,2025-11-05
PO-11223,SUP-005,PRD-003,630,140.48,2025-08-20,2025-09-16
PO-11224,SUP-005,PRD-043,851,322.44,2025-08-15,2025-08-26
PO-11225,SUP-016,PRD-031,403,126.79,2025-11-06,2025-11-29
PO-11226,SUP-004,PRD-050,979,330.05,2025-04-08,2025-04-19
PO-11227,SUP-013,PRD-021,845,194.19,2025-02-24,2025-03-09
PO-11228,SUP-020,PRD-034,187,353.89,2025-04-21,2025-05-20
PO-11229,SUP-010,PRD-013,695,419.23,2025-06-01,2025-06-23
PO-11230,SUP-002,PRD-035,743,58.33,2025-09-03,2025-10-02
PO-11231,SUP-001,PRD-014,540,328.71,2025-03-10,2025-03-27
PO-11232,SUP-001,PRD-019,811,218.88,2025-11-08,2025-12-02
PO-11233,SUP-004,PRD-031,244,121.69,2025-10-16,2025-10-31
PO-11234,SUP-017,PRD-043,216,291.89,2025-09-07,2025-09-26
PO-11235,SUP-014,PRD-026,314,308.26,2025-02-05,2025-03-06
PO-11236,SUP-003,PRD-037,257,107.06,2025-08-27,2025-09-08
PO-11237,SUP-008,PRD-036,657,231.47,2025-05-28,2025-06-24
PO-11238,SUP-018,PRD-023,178,350.19,2025-08-15,2025-09-05
PO-11239,SUP-010,PRD-048,385,334.47,2025-09-01,2025-09-19
PO-11240,SUP-012,PRD-006,620,14.01,2025-12-03,2025-12-15
PO-11241,SUP-005,PRD-003,655,155.08,2025-12-31,2026-01-15
PO-11242,SUP-012,PRD-034,744,371.89,2025-07-20,2025-08-06
PO-11243,SUP-011,PRD-018,665,453.33,2025-06-03,2025-06-14
PO-11244,SUP-013,PRD-032,139,133.1,2025-03-14,2025-03-30
PO-11245,SUP-012,PRD-023,152,327.03,2025-07-20,2025-08-07
PO-11246,SUP-004,PRD-026,998,272.36,2025-10-23,2025-11-06
PO-11247,SUP-010,PRD-030,726,373.15,2025-01-17,2025-02-14
PO-11248,SUP-013,PRD-049,710,431.58,2025-05-09,2025-05-26
PO-11249,SUP-009,PRD-027,200,188.16,2025-08-05,2025-08-21
PO-11250,SUP-013,PRD-006,329,12.69,2025-03-02,2025-03-23
PO-11251,SUP-010,PRD-043,631,317.55,2025-04-14,2025-05-04
PO-11252,SUP-001,PRD-035,486,64.2,2025-02-11,2025-02-22
PO-11253,SUP-019,PRD-034,110,343.32,2025-01-25,2025-02-05
PO-11254,SUP-004,PRD-018,840,457.0,2025-02-08,2025-03-02
PO-11255,SUP-012,PRD-013,724,380.32,2025-10-18,2025-10-28
PO-11256,SUP-012,PRD-005,841,95.14,2025-05-11,2025-06-08
PO-11257,SUP-016,PRD-048,71,350.18,2025-08-17,2025-09-05
PO-11258,SUP-016,PRD-007,334,219.99,2025-04-18,2025-05-17
PO-11259,SUP-015,PRD-027,791,197.23,2025-06-21,2025-07-07
PO-11260,SUP-004,PRD-001,149,483.78,2025-04-12,2025-04-29
PO-11261,SUP-003,PRD-015,662,481.75,2025-12-20,2026-01-05
PO-11262,SUP-016,PRD-023,862,350.97,2025-01-12,2025-02-03
PO-11263,SUP-012,PRD-021,897,201.7,2025-10-02,2025-10-29
PO-11264,SUP-016,PRD-043,254,296.58,2025-04-11,2025-05-10
PO-11265,SUP-006,PRD-005,63,83.49,2025-02-13,2025-03-13
PO-11266,SUP-018,PRD-024,827,310.15,2025-11-01,2025-11-21
PO-11267,SUP-006,PRD-039,644,245.9,2025-01-17,2025-02-08
PO-11268,SUP-012,PRD-034,671,347.19,2025-11-26,2025-12-24
PO-11269,SUP-011,PRD-012,543,387.18,2025-02-26,2025-03-13
PO-11270,SUP-011,PRD-043,906,321.84,2025-11-07,2025-11-23
PO-11271,SUP-010,PRD-030,681,372.34,2025-10-30,2025-11-13
PO-11272,SUP-012,PRD-016,835,353.41,2025-01-12,2025-01-27
PO-11273,SUP-001,PRD-023,728,336.71,2025-11-14,2025-11-25
PO-11274,SUP-011,PRD-042,769,70.31,2025-03-21,2025-04-14
PO-11275,SUP-006,PRD-006,145,13.84,2025-08-04,2025-08-30
PO-11276,SUP-017,PRD-015,85,455.89,2025-12-05,2025-12-22
PO-11277,SUP-008,PRD-046,938,472.87,2025-09-21,2025-10-08
PO-11278,SUP-010,PRD-043,950,293.62,2025-05-29,2025-06-11
PO-11279,SUP-008,PRD-019,217,219.12,2025-03-22,2025-04-02
PO-11280,SUP-019,PRD-002,124,335.76,2025-08-03,2025-08-26
PO-11281,SUP-004,PRD-004,372,160.99,2025-07-17,2025-07-28
PO-11282,SUP-015,PRD-044,556,297.16,2025-07-19,2025-08-09
PO-11283,SUP-001,PRD-048,267,334.52,2025-01-25,2025-02-15
PO-11284,SUP-009,PRD-039,250,240.65,2025-03-30,2025-04-26
PO-11285,SUP-015,PRD-001,305,510.92,2025-09-25,2025-10-20
PO-11286,SUP-006,PRD-026,829,286.79,2025-05-23,2025-06-17
PO-11287,SUP-016,PRD-007,912,220.89,2025-02-28,2025-03-10
PO-11288,SUP-001,PRD-022,230,366.05,2025-12-31,2026-01-15
PO-11289,SUP-001,PRD-039,373,262.94,2025-01-26,2025-02-20
PO-11290,SUP-014,PRD-013,262,431.1,2025-02-16,2025-03-17
PO-11291,SUP-008,PRD-028,423,528.04,2025-10-15,2025-10-29
PO-11292,SUP-003,PRD-040,811,283.45,2025-09-23,2025-10-09
PO-11293,SUP-020,PRD-019,531,239.71,2025-01-16,2025-02-08
PO-11294,SUP-013,PRD-045,216,110.63,2025-07-18,2025-08-03
PO-11295,SUP-020,PRD-003,364,147.96,2025-10-09,2025-10-29
PO-11296,SUP-020,PRD-030,281,395.09,2025-03-27,2025-04-17
PO-11297,SUP-002,PRD-027,572,194.95,2025-09-07,2025-10-06
PO-11298,SUP-007,PRD-033,760,26.92,2025-09-27,2025-10-11
PO-11299,SUP-009,PRD-026,736,286.75,2025-12-01,2025-12-19
PO-11300,SUP-004,PRD-038,103,484.62,2025-04-27,2025-05-17
PO-11301,SUP-001,PRD-002,79,329.44,2025-01-07,2025-02-04
PO-11302,SUP-014,PRD-013,332,389.66,2025-05-17,2025-05-31
PO-11303,SUP-003,PRD-050,163,312.44,2025-06-25,2025-07-17
PO-11304,SUP-019,PRD-033,393,26.25,2025-11-24,2025-12-21
PO-11305,SUP-004,PRD-019,579,245.54,2025-11-11,2025-11-29
PO-11306,SUP-006,PRD-011,257,100.87,2025-08-03,2025-08-25
PO-11307,SUP-018,PRD-026,83,290.66,2025-03-23,2025-04-08
PO-11308,SUP-015,PRD-008,306,211.7,2025-08-11,2025-09-07
PO-11309,SUP-004,PRD-001,734,523.69,2025-04-13,2025-04-25
PO-11310,SUP-014,PRD-009,630,147.64,2025-09-30,2025-10-25
PO-11311,SUP-001,PRD-033,827,26.54,2025-01-14,2025-02-10
PO-11312,SUP-017,PRD-028,53,516.78,2025-06-08,2025-07-07
PO-11313,SUP-015,PRD-031,764,129.03,2025-06-01,2025-06-24
PO-11314,SUP-017,PRD-030,267,368.16,2025-04-18,2025-04-29
PO-11315,SUP-019,PRD-042,516,78.84,2025-07-07,2025-08-05
PO-11316,SUP-019,PRD-014,294,319.41,2025-10-28,2025-11-10
PO-11317,SUP-014,PRD-003,772,147.67,2025-04-08,2025-04-24
PO-11318,SUP-017,PRD-012,689,367.05,2025-05-11,2025-06-02
PO-11319,SUP-013,PRD-022,240,354.58,2025-10-20,2025-11-04
PO-11320,SUP-017,PRD-016,920,316.28,2025-06-20,2025-07-01
PO-11321,SUP-013,PRD-015,930,470.54,2025-07-02,2025-07-26
PO-11322,SUP-016,PRD-020,503,53.89,2025-12-30,2026-01-11
PO-11323,SUP-004,PRD-044,94,259.96,2025-02-08,2025-02-27
PO-11324,SUP-014,PRD-018,220,405.26,2025-01-15,2025-02-02
PO-11325,SUP-019,PRD-004,967,161.16,2025-01-04,2025-02-02
PO-11326,SUP-016,PRD-039,841,260.69,2025-12-15,2026-01-03
PO-11327,SUP-012,PRD-021,652,201.42,2025-07-29,2025-08-22
PO-11328,SUP-007,PRD-042,225,76.72,2025-06-10,2025-07-09
PO-11329,SUP-008,PRD-019,823,228.61,2025-01-16,2025-02-10
PO-11330,SUP-016,PRD-032,884,125.42,2025-04-18,2025-05-17
PO-11331,SUP-010,PRD-035,791,59.03,2025-11-07,2025-11-23
PO-11332,SUP-017,PRD-036,755,233.61,2025-08-15,2025-08-26
PO-11333,SUP-019,PRD-006,896,13.51,2025-06-19,2025-07-10
PO-11334,SUP-016,PRD-011,615,111.34,2025-02-03,2025-02-27
PO-11335,SUP-014,PRD-017,156,495.71,2025-09-08,2025-09-18
PO-11336,SUP-014,PRD-008,465,218.1,2025-09-04,2025-09-28
PO-11337,SUP-006,PRD-023,410,340.25,2025-09-26,2025-10-13
PO-11338,SUP-002,PRD-020,583,51.56,2025-05-21,2025-06-08
PO-11339,SUP-006,PRD-008,865,191.86,2025-10-01,2025-10-28
PO-11340,SUP-020,PRD-018,260,422.97,2025-04-06,2025-04-16
PO-11341,SUP-002,PRD-019,234,246.82,2025-08-15,2025-09-11
PO-11342,SUP-002,PRD-036,175,214.42,2025-02-08,2025-03-05
PO-11343,SUP-002,PRD-050,598,304.15,2025-10-29,2025-11-10
PO-11344,SUP-012,PRD-011,880,110.9,2025-01-29,2025-02-24
PO-11345,SUP-017,PRD-022,845,324.82,2025-11-14,2025-12-13
PO-11346,SUP-016,PRD-050,581,338.88,2025-09-02,2025-09-16
PO-11347,SUP-007,PRD-018,384,461.17,2025-08-24,2025-09-15
PO-11348,SUP-018,PRD-035,961,58.17,2025-07-04,2025-07-30
PO-11349,SUP-015,PRD-039,357,261.05,2025-09-29,2025-10-23
PO-11350,SUP-018,PRD-018,795,443.79,2025-08-24,2025-09-11
PO-11351,SUP-016,PRD-045,542,113.05,2025-08-27,2025-09-13
PO-11352,SUP-019,PRD-007,720,213.23,2025-09-23,2025-10-06
PO-11353,SUP-017,PRD-050,467,327.87,2025-12-25,2026-01-19
PO-11354,SUP-014,PRD-026,938,273.73,2025-12-06,2025-12-27
PO-11355,SUP-010,PRD-040,877,308.63,2025-03-06,2025-04-01
PO-11356,SUP-012,PRD-034,651,365.87,2025-06-26,2025-07-10
PO-11357,SUP-013,PRD-021,113,192.77,2025-01-03,2025-01-25
PO-11358,SUP-013,PRD-033,635,26.96,2025-05-22,2025-06-09
PO-11359,SUP-018,PRD-024,452,319.07,2025-06-07,2025-06-21
PO-11360,SUP-015,PRD-031,530,118.92,2025-11-20,2025-12-04
PO-11361,SUP-012,PRD-043,193,295.6,2025-05-26,2025-06-18
PO-11362,SUP-018,PRD-044,594,265.91,2025-10-20,2025-10-30
PO-11363,SUP-001,PRD-027,102,184.92,2025-06-02,2025-06-24
PO-11364,SUP-002,PRD-032,431,128.75,2025-07-12,2025-08-04
PO-11365,SUP-013,PRD-048,900,379.22,2025-03-14,2025-03-30
PO-11366,SUP-004,PRD-010,794,12.32,2025-11-01,2025-11-22
PO-11367,SUP-017,PRD-034,956,366.42,2025-12-10,2025-12-28
PO-11368,SUP-015,PRD-022,471,335.21,2025-05-20,2025-06-07
PO-11369,SUP-009,PRD-019,879,238.92,2025-07-06,2025-07-18
PO-11370,SUP-014,PRD-010,746,11.66,2025-10-20,2025-11-04
PO-11371,SUP-005,PRD-028,638,475.76,2025-03-02,2025-03-15
PO-11372,SUP-014,PRD-039,115,248.16,2025-07-17,2025-08-13
PO-11373,SUP-015,PRD-041,337,376.92,2025-10-22,2025-11-07
PO-11374,SUP-020,PRD-044,825,270.09,2025-11-15,2025-12-03
PO-11375,SUP-013,PRD-041,582,374.42,2025-10-29,2025-11-22
PO-11376,SUP-016,PRD-036,563,225.48,2025-12-10,2026-01-04
PO-11377,SUP-006,PRD-019,176,224.49,2025-01-11,2025-01-21
PO-11378,SUP-019,PRD-004,981,164.08,2025-03-03,2025-03-18
PO-11379,SUP-002,PRD-036,264,214.99,2025-11-29,2025-12-21
PO-11380,SUP-018,PRD-015,264,464.76,2025-08-14,2025-09-10
PO-11381,SUP-013,PRD-044,198,295.43,2025-06-02,2025-06-16
PO-11382,SUP-015,PRD-007,488,214.87,2025-07-18,2025-08-03
PO-11383,SUP-020,PRD-033,964,27.16,2025-02-21,2025-03-11
PO-11384,SUP-003,PRD-028,519,492.7,2025-09-17,2025-09-30
PO-11385,SUP-016,PRD-033,181,25.26,2025-02-28,2025-03-10
PO-11386,SUP-017,PRD-019,280,236.19,2025-03-13,2025-03-31
PO-11387,SUP-001,PRD-019,313,241.78,2025-05-28,2025-06-14
PO-11388,SUP-014,PRD-047,746,321.59,2025-12-15,2026-01-02
PO-11389,SUP-007,PRD-025,487,151.93,2025-03-04,2025-03-28
PO-11390,SUP-004,PRD-022,496,358.09,2025-11-06,2025-11-29
PO-11391,SUP-006,PRD-038,807,443.19,2025-08-31,2025-09-29
PO-11392,SUP-005,PRD-018,234,422.72,2025-11-26,2025-12-22
PO-11393,SUP-019,PRD-025,139,140.45,2025-04-17,2025-04-27
PO-11394,SUP-004,PRD-036,557,238.4,2025-08-14,2025-09-07
PO-11395,SUP-020,PRD-021,797,188.44,2025-11-09,2025-12-08
PO-11396,SUP-008,PRD-030,438,376.78,2025-08-06,2025-08-27
PO-11397,SUP-003,PRD-007,981,227.93,2025-08-29,2025-09-10
PO-11398,SUP-005,PRD-007,634,211.15,2025-09-16,2025-10-06
PO-11399,SUP-009,PRD-043,957,310.94,2025-09-19,2025-10-06
PO-11400,SUP-013,PRD-014,50,325.7,2025-01-05,2025-01-30
PO-11401,SUP-004,PRD-020,799,53.7,2025-09-18,2025-10-07
PO-11402,SUP-005,PRD-016,376,353.36,2025-02-23,2025-03-12
PO-11403,SUP-010,PRD-016,958,315.64,2025-02-16,2025-03-03
PO-11404,SUP-003,PRD-008,826,214.75,2025-08-03,2025-08-29
PO-11405,SUP-008,PRD-013,127,423.32,2025-06-26,2025-07-23
PO-11406,SUP-018,PRD-023,766,331.26,2025-01-09,2025-02-04
PO-11407,SUP-020,PRD-023,93,360.69,2025-04-09,2025-04-29
PO-11408,SUP-013,PRD-022,229,340.33,2025-01-20,2025-02-03
PO-11409,SUP-002,PRD-018,717,414.61,2025-08-29,2025-09-19
PO-11410,SUP-020,PRD-048,694,337.48,2025-03-02,2025-03-23
PO-11411,SUP-017,PRD-047,312,309.6,2025-06-27,2025-07-18
PO-11412,SUP-017,PRD-042,568,71.31,2025-12-04,2025-12-28
PO-11413,SUP-017,PRD-008,682,207.87,2025-03-03,2025-03-24
PO-11414,SUP-006,PRD-034,562,363.63,2025-05-25,2025-06-04
PO-11415,SUP-007,PRD-010,487,12.84,2025-08-04,2025-09-02
PO-11416,SUP-014,PRD-014,94,320.53,2025-01-03,2025-01-24
PO-11417,SUP-004,PRD-046,598,461.91,2025-06-09,2025-06-26
PO-11418,SUP-001,PRD-003,117,143.39,2025-08-15,2025-09-06
PO-11419,SUP-004,PRD-030,832,388.41,2025-09-26,2025-10-09
PO-11420,SUP-018,PRD-028,121,479.1,2025-04-30,2025-05-28
PO-11421,SUP-015,PRD-009,883,156.01,2025-03-30,2025-04-22
PO-11422,SUP-013,PRD-037,928,112.1,2025-11-25,2025-12-08
PO-11423,SUP-019,PRD-029,545,437.21,2025-03-09,2025-03-19
PO-11424,SUP-012,PRD-046,273,448.36,2025-12-23,2026-01-10
PO-11425,SUP-003,PRD-031,877,118.61,2025-04-08,2025-04-18
PO-11426,SUP-007,PRD-003,264,153.26,2025-09-24,2025-10-11
PO-11427,SUP-014,PRD-035,386,65.47,2025-04-15,2025-05-10
PO-11428,SUP-014,PRD-002,561,324.46,2025-11-19,2025-12-15
PO-11429,SUP-005,PRD-047,244,306.54,2025-05-03,2025-05-28
PO-11430,SUP-011,PRD-002,136,303.08,2025-01-29,2025-02-10
PO-11431,SUP-015,PRD-046,158,450.29,2025-05-17,2025-06-11
PO-11432,SUP-011,PRD-032,210,136.04,2025-07-14,2025-07-31
PO-11433,SUP-006,PRD-040,78,302.28,2025-08-14,2025-09-03
PO-11434,SUP-016,PRD-030,529,344.9,2025-11-28,2025-12-10
PO-11435,SUP-007,PRD-041,336,374.08,2025-06-19,2025-07-16
PO-11436,SUP-007,PRD-023,388,348.61,2025-01-09,2025-01-31
PO-11437,SUP-010,PRD-011,794,101.74,2025-02-09,2025-03-04
PO-11438,SUP-017,PRD-035,756,60.21,2025-01-25,2025-02-12
PO-11439,SUP-003,PRD-011,619,104.46,2025-09-18,2025-10-03
PO-11440,SUP-016,PRD-014,302,311.08,2025-08-14,2025-08-25
PO-11441,SUP-006,PRD-012,161,355.39,2025-05-04,2025-05-17
PO-11442,SUP-009,PRD-002,894,314.34,2025-02-07,2025-02-22
PO-11443,SUP-018,PRD-041,403,381.4,2025-11-24,2025-12-18
PO-11444,SUP-014,PRD-033,479,27.39,2025-09-08,2025-09-24
PO-11445,SUP-013,PRD-032,253,127.61,2025-06-25,2025-07-09
PO-11446,SUP-012,PRD-016,432,341.45,2025-03-31,2025-04-15
PO-11447,SUP-008,PRD-007,531,229.36,2025-02-06,2025-02-21
PO-11448,SUP-018,PRD-013,406,409.27,2025-11-12,2025-11-26
PO-11449,SUP-015,PRD-031,794,117.95,2025-06-25,2025-07-17
PO-11450,SUP-020,PRD-050,874,324.2,2025-10-11,2025-10-28
PO-11451,SUP-017,PRD-045,218,113.01,2025-03-22,2025-04-14
PO-11452,SUP-005,PRD-016,647,351.95,2025-04-24,2025-05-06
PO-11453,SUP-017,PRD-042,104,75.34,2025-02-09,2025-03-04
PO-11454,SUP-009,PRD-003,378,148.77,2025-10-28,2025-11-07
PO-11455,SUP-015,PRD-018,362,441.6,2025-08-12,2025-08-27
PO-11456,SUP-005,PRD-048,759,359.43,2025-11-14,2025-11-30
PO-11457,SUP-010,PRD-028,560,492.67,2025-12-15,2026-01-12
PO-11458,SUP-002,PRD-044,851,267.17,2025-04-25,2025-05-22
PO-11459,SUP-011,PRD-028,977,507.33,2025-07-05,2025-07-22
PO-11460,SUP-009,PRD-033,563,24.05,2025-11-19,2025-12-08
PO-11461,SUP-010,PRD-028,76,475.77,2025-02-25,2025-03-17
PO-11462,SUP-006,PRD-022,390,357.34,2025-02-09,2025-02-21
PO-11463,SUP-004,PRD-018,297,422.68,2025-12-20,2026-01-02
PO-11464,SUP-001,PRD-006,993,13.33,2025-02-09,2025-03-04
PO-11465,SUP-001,PRD-050,338,341.67,2025-12-13,2025-12-31
PO-11466,SUP-018,PRD-011,959,110.3,2025-08-25,2025-09-17
PO-11467,SUP-019,PRD-037,519,109.6,2025-10-16,2025-11-04
PO-11468,SUP-019,PRD-046,564,450.88,2025-09-19,2025-10-13
PO-11469,SUP-003,PRD-005,271,89.33,2025-08-04,2025-08-24
PO-11470,SUP-020,PRD-039,760,253.8,2025-05-27,2025-06-15
PO-11471,SUP-004,PRD-045,703,104.91,2025-12-02,2025-12-28
PO-11472,SUP-016,PRD-049,423,442.47,2025-06-17,2025-07-06
PO-11473,SUP-018,PRD-001,850,501.29,2025-04-02,2025-04-19
PO-11474,SUP-002,PRD-032,701,130.12,2025-12-19,2026-01-06
PO-11475,SUP-009,PRD-049,949,447.07,2025-02-28,2025-03-24
PO-11476,SUP-004,PRD-020,115,49.74,2025-02-28,2025-03-18
PO-11477,SUP-004,PRD-047,885,293.52,2025-10-31,2025-11-16
PO-11478,SUP-015,PRD-028,942,489.41,2025-06-18,2025-07-06
PO-11479,SUP-008,PRD-021,231,190.27,2025-09-26,2025-10-11
PO-11480,SUP-004,PRD-007,512,231.99,2025-12-29,2026-01-16
PO-11481,SUP-003,PRD-044,64,287.47,2025-02-14,2025-02-25
PO-11482,SUP-015,PRD-006,539,12.77,2025-12-11,2026-01-07
PO-11483,SUP-019,PRD-042,819,75.64,2025-06-30,2025-07-19
PO-11484,SUP-006,PRD-037,486,102.84,2025-06-19,2025-07-08
PO-11485,SUP-014,PRD-016,403,326.48,2025-12-22,2026-01-17
PO-11486,SUP-003,PRD-017,849,453.66,2025-07-10,2025-08-08
PO-11487,SUP-008,PRD-008,625,200.7,2025-06-04,2025-06-21
PO-11488,SUP-016,PRD-036,145,234.72,2025-07-07,2025-07-24
PO-11489,SUP-019,PRD-019,297,224.18,2025-01-07,2025-01-17
PO-11490,SUP-012,PRD-021,704,183.2,2025-05-13,2025-05-30
PO-11491,SUP-011,PRD-006,268,12.43,2025-08-23,2025-09-17
PO-11492,SUP-006,PRD-022,852,364.16,2025-02-14,2025-03-10
PO-11493,SUP-015,PRD-009,529,149.28,2025-11-10,2025-11-28
PO-11494,SUP-009,PRD-018,131,427.4,2025-09-06,2025-09-18
PO-11495,SUP-011,PRD-022,369,337.51,2025-01-31,2025-02-20
PO-11496,SUP-007,PRD-047,137,287.7,2025-01-23,2025-02-15
PO-11497,SUP-005,PRD-002,590,303.59,2025-06-09,2025-06-25
PO-11498,SUP-002,PRD-029,491,446.17,2025-12-29,2026-01-12
PO-11499,SUP-019,PRD-026,571,276.99,2025-06-07,2025-06-23
